{"mean":{"confidence_interval":{"confidence_level":0.95,"lower_bound":-0.008213851659091867,"upper_bound":0.00676832325244066},"point_estimate":-0.0016273983138361814,"standard_error":0.0037293667671309547},"median":{"confidence_interval":{"confidence_level":0.95,"lower_bound":-0.015052424538355536,"upper_bound":0.0018419318417755015},"point_estimate":-0.007045876210446167,"standard_error":0.004672954569218559}}