{"mean":{"confidence_interval":{"confidence_level":0.95,"lower_bound":-0.03267401142145085,"upper_bound":-0.022106841343989124},"point_estimate":-0.027697074101151298,"standard_error":0.0026873798699368423},"median":{"confidence_interval":{"confidence_level":0.95,"lower_bound":-0.03090324881248896,"upper_bound":-0.023507633517360405},"point_estimate":-0.0273776966129462,"standard_error":0.00188750181689384}}