{"mean":{"confidence_interval":{"confidence_level":0.95,"lower_bound":-0.004541054786523028,"upper_bound":0.006771524693211334},"point_estimate":0.001099315773550602,"standard_error":0.0029179474868403854},"median":{"confidence_interval":{"confidence_level":0.95,"lower_bound":-0.0075216123132008095,"upper_bound":0.0014766708938545037},"point_estimate":-0.00277450833584314,"standard_error":0.00234700032412644}}