{"mean":{"confidence_interval":{"confidence_level":0.95,"lower_bound":0.01626714739798545,"upper_bound":0.028739993413376557},"point_estimate":0.022294188108282098,"standard_error":0.00315141845395868},"median":{"confidence_interval":{"confidence_level":0.95,"lower_bound":0.013648741455568228,"upper_bound":0.021926856960440944},"point_estimate":0.019105287131474302,"standard_error":0.002202187217443118}}