{"mean":{"confidence_interval":{"confidence_level":0.95,"lower_bound":-0.04994914187282207,"upper_bound":0.0005300425439917875},"point_estimate":-0.020546587356246926,"standard_error":0.013273880430630032},"median":{"confidence_interval":{"confidence_level":0.95,"lower_bound":-0.009140699860800128,"upper_bound":-0.001943951374599795},"point_estimate":-0.006540708318846344,"standard_error":0.0018046417050883925}}