{"mean":{"confidence_interval":{"confidence_level":0.95,"lower_bound":0.03381430060532032,"upper_bound":0.1704053036626239},"point_estimate":0.0882012425631602,"standard_error":0.03638870511010933},"median":{"confidence_interval":{"confidence_level":0.95,"lower_bound":0.005935084826111936,"upper_bound":0.018933034365067547},"point_estimate":0.013033480080584248,"standard_error":0.0038088823778081047}}