{"mean":{"confidence_interval":{"confidence_level":0.95,"lower_bound":0.004444906784038577,"upper_bound":0.016471234845612068},"point_estimate":0.011026800263156833,"standard_error":0.0030880698573194343},"median":{"confidence_interval":{"confidence_level":0.95,"lower_bound":0.008155598264282249,"upper_bound":0.01782282413644176},"point_estimate":0.01204055610302368,"standard_error":0.0025373760039712812}}