{"mean":{"confidence_interval":{"confidence_level":0.95,"lower_bound":-0.03480121075505597,"upper_bound":-0.01795960229205888},"point_estimate":-0.026434863364976136,"standard_error":0.004271307664740275},"median":{"confidence_interval":{"confidence_level":0.95,"lower_bound":-0.026938911312897808,"upper_bound":-0.018687538199570253},"point_estimate":-0.022783361858711437,"standard_error":0.002133161448613235}}