{"mean":{"confidence_interval":{"confidence_level":0.95,"lower_bound":0.013174951638176354,"upper_bound":0.026729715973765715},"point_estimate":0.019848670410474556,"standard_error":0.0034827997277160298},"median":{"confidence_interval":{"confidence_level":0.95,"lower_bound":0.010706493393582317,"upper_bound":0.02051295715555934},"point_estimate":0.016311772770851496,"standard_error":0.002515536624099545}}