{"mean":{"confidence_interval":{"confidence_level":0.95,"lower_bound":0.05552730051714385,"upper_bound":0.0698551110601496},"point_estimate":0.06308440334348653,"standard_error":0.0036951702292310935},"median":{"confidence_interval":{"confidence_level":0.95,"lower_bound":0.061147452447952055,"upper_bound":0.07436182170736827},"point_estimate":0.06689144223079602,"standard_error":0.0032596717366808535}}