{"mean":{"confidence_interval":{"confidence_level":0.95,"lower_bound":0.023128044783362882,"upper_bound":0.03980016893461827},"point_estimate":0.03041182697765188,"standard_error":0.004180173547547184},"median":{"confidence_interval":{"confidence_level":0.95,"lower_bound":0.015102587455539274,"upper_bound":0.025594549084674734},"point_estimate":0.020255887522327765,"standard_error":0.0028006400451228426}}