{"mean":{"confidence_interval":{"confidence_level":0.95,"lower_bound":0.1620857322898224,"upper_bound":0.31368904864107555},"point_estimate":0.2285515067564008,"standard_error":0.0388249748136206},"median":{"confidence_interval":{"confidence_level":0.95,"lower_bound":0.15253227377511291,"upper_bound":0.17047556869252523},"point_estimate":0.1623374520691656,"standard_error":0.004565703818683773}}