{"mean":{"confidence_interval":{"confidence_level":0.95,"lower_bound":-0.000994989948965877,"upper_bound":0.020067138636509677},"point_estimate":0.007136608871213035,"standard_error":0.00534567800327032},"median":{"confidence_interval":{"confidence_level":0.95,"lower_bound":-0.0007863961132987818,"upper_bound":0.00816598677712621},"point_estimate":0.00425039913908587,"standard_error":0.0024144364944035743}}