{"mean":{"confidence_interval":{"confidence_level":0.95,"lower_bound":0.26424318956238885,"upper_bound":0.27895471023486784},"point_estimate":0.2718086297896465,"standard_error":0.0037352431411586348},"median":{"confidence_interval":{"confidence_level":0.95,"lower_bound":0.2685029053684793,"upper_bound":0.28165143508095425},"point_estimate":0.2753860310281031,"standard_error":0.0032628261253182557}}