{"mean":{"confidence_interval":{"confidence_level":0.95,"lower_bound":0.2660267917107083,"upper_bound":0.2822573956638309},"point_estimate":0.2733219534024973,"standard_error":0.004188617237922227},"median":{"confidence_interval":{"confidence_level":0.95,"lower_bound":0.26867221208085,"upper_bound":0.2830949264557856},"point_estimate":0.2782381372083522,"standard_error":0.003687834804832586}}