implementation,layout,word_bits,n,operation,ns_per_op,min_ns,max_ns,launch_min_ns,launch_max_ns,samples
candidate,generator_bits,128,1024,circuit,13.052251180013021,12.838417053222656,13.506041208902994,12.917200724283854,13.113446553548178,15
candidate,generator_bits,128,1024,cnot,18.91620922088623,18.679221153259277,19.24586296081543,18.802961349487305,19.081911087036133,15
candidate,generator_bits,128,1024,comm,1992.167236328125,1981.8826904296875,2068.2117919921875,1984.3648681640625,1992.6961669921875,15
candidate,generator_bits,128,1024,h,10.34843921661377,10.249137878417969,10.470191955566406,10.345776557922363,10.426600456237793,15
candidate,generator_bits,128,1024,mul,2890.6455078125,2735.95166015625,3360.453125,2772.755859375,3098.490478515625,15
candidate,generator_bits,128,1024,s,11.868000030517578,11.699954986572266,12.203693389892578,11.727253913879395,11.97079849243164,15
candidate,generator_bits,128,127,circuit,3.13139587562541,2.6306592886216373,3.6409566083292324,2.947509445230479,3.1491910679133857,15
candidate,generator_bits,128,127,cnot,2.9317900890440454,2.8990798109159694,2.9977813480407236,2.906278595210999,2.954317828801673,15
candidate,generator_bits,128,127,comm,208.61398868110237,208.14045583169292,212.09988619586613,208.42625799704723,210.59019746555117,15
candidate,generator_bits,128,127,h,1.6876581146961123,1.6778059831754428,1.72630069762703,1.68416877806656,1.694882009911725,15
candidate,generator_bits,128,127,mul,286.47628567913387,283.6350270669291,293.89660740649606,284.10087044783467,286.59930179625985,15
candidate,generator_bits,128,127,s,1.6851599986158956,1.6725243996447465,1.7576492189422368,1.684779490072896,1.690151184562623,15
candidate,generator_bits,128,128,circuit,3.042307217915853,2.6546850204467773,3.4230682055155435,2.7581055959065757,3.163510004679362,15
candidate,generator_bits,128,128,cnot,2.9432573318481445,2.9260714054107666,2.971529960632324,2.9387474060058594,2.953996181488037,15
candidate,generator_bits,128,128,comm,210.86183166503906,209.3016357421875,212.0838165283203,209.56358337402344,210.90570068359375,15
candidate,generator_bits,128,128,h,1.6899358034133911,1.6847500801086426,1.7044345140457153,1.6885548830032349,1.696189284324646,15
candidate,generator_bits,128,128,mul,286.81182861328125,284.44798278808594,293.3203430175781,286.6191864013672,291.6857452392578,15
candidate,generator_bits,128,128,s,1.6928960084915161,1.6840746402740479,1.7198721170425415,1.689483642578125,1.709883451461792,15
candidate,generator_bits,128,129,circuit,2.955401280129603,2.9093885002826227,3.0157333492308624,2.950091694676599,2.979662991309351,15
candidate,generator_bits,128,129,cnot,3.7709908892017925,3.726890149966691,3.835426744564559,3.7553772445797,3.773297450339147,15
candidate,generator_bits,128,129,comm,212.48121063468992,210.02528464147287,216.96089207848837,210.87755874515503,212.76571584302326,15
candidate,generator_bits,128,129,h,2.0846581274224807,2.049483070077822,2.1073196765988373,2.072435364242672,2.0870632201202155,15
candidate,generator_bits,128,129,mul,289.2801447432171,285.9839359253876,293.42612948158916,286.98004481589146,291.6035761870155,15
candidate,generator_bits,128,129,s,2.169862850691921,2.1584680838178296,2.186659347179324,2.16595458984375,2.179167991460756,15
candidate,generator_bits,128,2048,circuit,25.540247599283855,25.36847686767578,25.828786214192707,25.44116973876953,25.67174784342448,15
candidate,generator_bits,128,2048,cnot,37.16309928894043,37.01424598693848,37.97372245788574,37.1282901763916,37.5489387512207,15
candidate,generator_bits,128,2048,comm,5810.4755859375,5649.373291015625,5904.7646484375,5786.163330078125,5856.109619140625,15
candidate,generator_bits,128,2048,h,19.86074447631836,19.709110260009766,20.26653289794922,19.823711395263672,20.1723575592041,15
candidate,generator_bits,128,2048,mul,8033.721923828125,7945.536376953125,8194.28515625,8032.745361328125,8164.143798828125,15
candidate,generator_bits,128,2048,s,23.15521240234375,22.99014663696289,23.52277374267578,23.125171661376953,23.26798439025879,15
candidate,generator_bits,128,255,circuit,3.552126416973039,3.5265155867034315,3.6311264935661764,3.5405710656658496,3.6143848294526144,15
candidate,generator_bits,128,255,cnot,4.843838082107843,4.7786534926470585,4.8773269952512255,4.795448452818627,4.848964077818628,15
candidate,generator_bits,128,255,comm,416.63094362745096,412.2625612745098,422.38177083333335,414.70842524509806,417.68152573529414,15
candidate,generator_bits,128,255,h,2.729946959252451,2.6770498238357843,2.823215140548407,2.685397279028799,2.7393815582873775,15
candidate,generator_bits,128,255,mul,563.8850490196079,558.4469362745098,568.0363970588236,562.7106311274509,566.4279411764705,15
candidate,generator_bits,128,255,s,2.8322605507046568,2.8106390261182597,2.8816872989430147,2.815655397901348,2.8511297487745098,15
candidate,generator_bits,128,256,circuit,3.560569445292155,3.518369674682617,3.583960851033529,3.5598411560058594,3.576000531514486,15
candidate,generator_bits,128,256,cnot,4.810293197631836,4.7815046310424805,4.844049453735352,4.791140556335449,4.821320533752441,15
candidate,generator_bits,128,256,comm,417.9051818847656,411.865234375,419.769287109375,414.6474304199219,418.1302490234375,15
candidate,generator_bits,128,256,h,2.7007956504821777,2.668877363204956,2.7205746173858643,2.683480739593506,2.705872058868408,15
candidate,generator_bits,128,256,mul,568.133056640625,561.8006286621094,576.5279235839844,563.5960998535156,573.7113952636719,15
candidate,generator_bits,128,256,s,2.840538740158081,2.8138954639434814,2.851983070373535,2.8150875568389893,2.840757369995117,15
candidate,generator_bits,128,257,circuit,4.252260913180934,4.218669253100681,4.298980752472438,4.2353860778412775,4.292106816431582,15
candidate,generator_bits,128,257,cnot,5.909802388588278,5.873822520215223,6.049585245926556,5.899847245865759,5.9457228842412455,15
candidate,generator_bits,128,257,comm,418.18278818093387,414.1815722276265,420.65652358949416,414.87946862840465,419.911752188716,15
candidate,generator_bits,128,257,h,3.266162679353113,3.227382318518969,3.294176628617461,3.2487564977504864,3.268616672619771,15
candidate,generator_bits,128,257,mul,572.102231274319,563.772951118677,582.9292923151751,567.0446254863813,579.1066391050583,15
candidate,generator_bits,128,257,s,3.5556540878830254,3.497577593020428,3.655479579584144,3.52926291380411,3.5783147552133996,15
candidate,generator_bits,128,31,circuit,1.6674466697118615,1.6266266197286627,2.018439672326529,1.6624217699932795,1.9888450048303092,15
candidate,generator_bits,128,31,cnot,1.6971506918630292,1.6798307357295867,2.234612741777974,1.6917105643979964,2.222850799560547,15
candidate,generator_bits,128,31,comm,56.877709173387096,56.5743408203125,58.071505638860884,56.877382339969756,57.7802734375,15
candidate,generator_bits,128,31,h,1.6447651770807081,1.5773619374921244,1.659147201045867,1.5832633972167969,1.65081540999874,15
candidate,generator_bits,128,31,mul,78.3356697328629,77.46952967489919,79.49271515877017,77.62310200352823,78.88924678679436,15
candidate,generator_bits,128,31,s,1.630311289141255,1.5825456188571068,1.6614749047064012,1.6274042437153478,1.6561631233461442,15
candidate,generator_bits,128,32,circuit,1.6900035540262859,1.6386839548746746,1.961045742034912,1.6545322736104329,1.9387469291687012,15
candidate,generator_bits,128,32,cnot,1.6974458694458008,1.6855299472808838,2.2316973209381104,1.6930550336837769,2.2083520889282227,15
candidate,generator_bits,128,32,comm,58.12565612792969,57.62752151489258,59.09665298461914,58.0822639465332,58.85871505737305,15
candidate,generator_bits,128,32,h,1.6186137199401855,1.5730708837509155,1.6507357358932495,1.6010353565216064,1.634448766708374,15
candidate,generator_bits,128,32,mul,81.05818176269531,79.67344665527344,82.76335144042969,80.40396118164062,81.90504455566406,15
candidate,generator_bits,128,32,s,1.6214052438735962,1.5856921672821045,1.6665706634521484,1.6040455102920532,1.6557326316833496,15
candidate,generator_bits,128,33,circuit,1.657524494209675,1.6307317560369319,1.6943869542593908,1.6553409460819128,1.6605685455630523,15
candidate,generator_bits,128,33,cnot,1.6906911676580256,1.6854315093069365,1.7098271919019294,1.6882684881036931,1.699885975230824,15
candidate,generator_bits,128,33,comm,60.44931122750947,59.483535304214016,63.61527876420455,60.216116240530305,62.25324041193182,15
candidate,generator_bits,128,33,h,1.620682803067294,1.5721803144975142,1.6931717612526633,1.5861386385830967,1.6765113599372632,15
candidate,generator_bits,128,33,mul,84.3505859375,81.67305131392045,95.28851503314394,82.10893110795455,85.72017785274622,15
candidate,generator_bits,128,33,s,1.625581221147017,1.577343680641868,1.7114505189837832,1.5891393025716145,1.670389464407256,15
candidate,generator_bits,128,512,circuit,6.688992182413737,6.5819956461588545,7.695781071980794,6.591505686442058,7.4076385498046875,15
candidate,generator_bits,128,512,cnot,9.366452693939209,9.300013542175293,9.498536586761475,9.331762790679932,9.463568687438965,15
candidate,generator_bits,128,512,comm,964.4342651367188,956.568359375,977.3229370117188,960.8408813476562,965.436279296875,15
candidate,generator_bits,128,512,h,4.953145980834961,4.920681476593018,5.009154796600342,4.939834117889404,4.9858293533325195,15
candidate,generator_bits,128,512,mul,1276.8045654296875,1258.870361328125,1286.163330078125,1270.182373046875,1277.6998291015625,15
candidate,generator_bits,128,512,s,5.598843097686768,5.588054656982422,5.6152143478393555,5.596558094024658,5.60512113571167,15
candidate,generator_bits,128,63,circuit,1.6661008804563493,1.6330672975570437,1.8806391317377646,1.6458569077587633,1.715315238508598,15
candidate,generator_bits,128,63,cnot,1.6988017975337921,1.6742484683082217,1.7405867803664434,1.681595211937314,1.720246814546131,15
candidate,generator_bits,128,63,comm,114.96988932291667,113.55316065228175,116.26939174107143,113.62647259424604,115.45332651289682,15
candidate,generator_bits,128,63,h,1.618208748953683,1.572523207891555,1.666931878952753,1.6127086821056547,1.6528133816189237,15
candidate,generator_bits,128,63,mul,156.51157924107142,154.2497364831349,161.0733894469246,156.0698009672619,158.89356243799602,15
candidate,generator_bits,128,63,s,1.6197426205589658,1.6001848493303572,1.6609979054284474,1.603636242094494,1.6556744045681424,15
candidate,generator_bits,128,64,circuit,1.6641020774841309,1.6582276026407878,1.6779767672220867,1.6629033088684082,1.6641550064086914,15
candidate,generator_bits,128,64,cnot,1.702765703201294,1.6924142837524414,1.7180591821670532,1.700987458229065,1.706326961517334,15
candidate,generator_bits,128,64,comm,116.86325073242188,116.23637390136719,118.80302429199219,116.24654388427734,117.84044647216797,15
candidate,generator_bits,128,64,h,1.6564875841140747,1.5552440881729126,1.6845216751098633,1.6033748388290405,1.6642708778381348,15
candidate,generator_bits,128,64,mul,156.77642822265625,148.4209747314453,161.4367218017578,152.75128173828125,158.85289001464844,15
candidate,generator_bits,128,64,s,1.6034294366836548,1.5827466249465942,1.643280267715454,1.6002157926559448,1.6063649654388428,15
candidate,generator_bits,128,65,circuit,2.9883033165564905,2.5632613744491186,3.492769524989984,2.6683252579126604,3.133666209685497,15
candidate,generator_bits,128,65,cnot,2.9784275935246396,2.9358790471003604,3.0267470139723556,2.9694483830378604,2.982183603140024,15
candidate,generator_bits,128,65,comm,120.42173978365385,119.02544320913462,122.26656400240384,119.86021634615385,120.64145883413461,15
candidate,generator_bits,128,65,h,1.7033014150766226,1.6808240450345553,1.7391595693734976,1.688815424992488,1.711928499661959,15
candidate,generator_bits,128,65,mul,162.09810697115384,159.60599459134616,164.1426231971154,160.92684795673077,162.7879657451923,15
candidate,generator_bits,128,65,s,1.7163643470177283,1.6953688401442308,1.7371837909405048,1.7042552067683294,1.7199540358323318,15
candidate,generator_bits,128,8,circuit,1.653591791788737,1.622021198272705,1.7513434092203777,1.6273061434427898,1.6727248827616374,15
candidate,generator_bits,128,8,cnot,1.6883363723754883,1.6759883165359497,1.7127047777175903,1.678253173828125,1.7065058946609497,15
candidate,generator_bits,128,8,comm,15.5469970703125,15.291969299316406,15.909035682678223,15.345096588134766,15.587368965148926,15
candidate,generator_bits,128,8,h,1.5937190055847168,1.5643984079360962,1.6903082132339478,1.5862483978271484,1.6478995084762573,15
candidate,generator_bits,128,8,mul,22.577922821044922,22.287925720214844,23.536205291748047,22.382658004760742,22.679964065551758,15
candidate,generator_bits,128,8,s,1.6117095947265625,1.578683614730835,1.6481876373291016,1.5819419622421265,1.6261736154556274,15
candidate,generator_bits,16,1024,circuit,12.96779759724935,12.816218058268229,13.290087381998697,12.966261545817057,13.15005620320638,15
candidate,generator_bits,16,1024,cnot,17.60594081878662,17.505645751953125,18.00974178314209,17.601529121398926,17.685413360595703,15
candidate,generator_bits,16,1024,comm,1500.640869140625,1482.50830078125,1542.5567626953125,1495.82421875,1525.532958984375,15
candidate,generator_bits,16,1024,h,11.942625045776367,11.774897575378418,12.162764549255371,11.858820915222168,12.058615684509277,15
candidate,generator_bits,16,1024,mul,3544.81005859375,3479.248046875,3862.457275390625,3511.67822265625,3551.249267578125,15
candidate,generator_bits,16,1024,s,9.508232116699219,9.331742286682129,9.639997959136963,9.333650588989258,9.53624677658081,15
candidate,generator_bits,16,127,circuit,8.387074387918307,8.197881423269356,8.54251891609252,8.22938645730807,8.461459102280184,15
candidate,generator_bits,16,127,cnot,12.081276720903052,11.840419498954232,13.985941729207678,11.871578186515748,12.356214628444881,15
candidate,generator_bits,16,127,comm,105.28933163139764,102.45607775590551,109.06101593257874,102.73065329724409,108.45226377952756,15
candidate,generator_bits,16,127,h,5.710070993017963,5.549473079170768,6.236859659510334,5.575104961245079,5.845658429964321,15
candidate,generator_bits,16,127,mul,158.1345656988189,148.56469918799212,161.27891240157481,149.6431471456693,160.06652928149606,15
candidate,generator_bits,16,127,s,5.755967508150837,5.5829943559301185,6.533925454447589,5.5911850816621556,6.203919418214813,15
candidate,generator_bits,16,128,circuit,8.37381680806478,8.244593938191732,8.575969696044922,8.290767669677734,8.434136708577475,15
candidate,generator_bits,16,128,cnot,11.944334030151367,11.876304626464844,12.370745658874512,11.906862258911133,12.121081352233887,15
candidate,generator_bits,16,128,comm,104.96012115478516,100.37834930419922,112.04846954345703,104.5389175415039,110.50064849853516,15
candidate,generator_bits,16,128,h,5.661427974700928,5.5795512199401855,5.8454670906066895,5.597273349761963,5.739092826843262,15
candidate,generator_bits,16,128,mul,159.98585510253906,150.8156509399414,161.26124572753906,151.1224136352539,160.09585571289062,15
candidate,generator_bits,16,128,s,5.687276363372803,5.617777347564697,6.125807762145996,5.625585556030273,5.781908988952637,15
candidate,generator_bits,16,129,circuit,4.718593232699451,4.532530634286176,4.789498420340762,4.584576116359819,4.720998364825581,15
candidate,generator_bits,16,129,cnot,6.6430342326792635,6.568277994791667,6.9525269500969,6.582590029221173,6.713472588117733,15
candidate,generator_bits,16,129,comm,106.81782945736434,103.9307246245155,110.74364098837209,105.2760265261628,108.26185501453489,15
candidate,generator_bits,16,129,h,2.9540542484253876,2.9130684312923933,3.0533250912215357,2.948080846505572,2.987755827201429,15
candidate,generator_bits,16,129,mul,159.90453912306202,150.3048237645349,161.5176386870155,151.46432897286823,161.39966388081396,15
candidate,generator_bits,16,129,s,3.0368635783823885,2.9709297594173933,3.117465233617975,2.998785920845446,3.0509693234465844,15
candidate,generator_bits,16,2048,circuit,19.882996877034504,19.471115112304688,20.01667022705078,19.600655873616535,19.932641347249348,15
candidate,generator_bits,16,2048,cnot,26.902118682861328,26.574214935302734,27.874549865722656,26.78171730041504,26.924531936645508,15
candidate,generator_bits,16,2048,comm,4122.395751953125,4041.6259765625,4244.73046875,4097.0966796875,4179.189208984375,15
candidate,generator_bits,16,2048,h,23.721534729003906,23.500043869018555,23.909887313842773,23.687124252319336,23.894468307495117,15
candidate,generator_bits,16,2048,mul,7770.233154296875,7583.943603515625,7867.87939453125,7703.755615234375,7773.48828125,15
candidate,generator_bits,16,2048,s,16.265192985534668,16.0885648727417,16.442934036254883,16.194422721862793,16.30234718322754,15
candidate,generator_bits,16,255,circuit,8.463940589256536,8.304850260416666,8.748798126021242,8.378491370506536,8.501093367034313,15
candidate,generator_bits,16,255,cnot,11.753417011335785,11.679974724264707,11.924513633578432,11.703950291053921,11.77938591452206,15
candidate,generator_bits,16,255,comm,214.1493106617647,207.64590992647058,229.87261029411764,213.41528799019608,220.82694546568626,15
candidate,generator_bits,16,255,h,6.090570427389705,6.016470396752451,6.371651443780637,6.066116632199755,6.262984930300245,15
candidate,generator_bits,16,255,mul,313.0885110294118,310.3707107843137,324.29788602941176,311.2477022058824,321.1780024509804,15
candidate,generator_bits,16,255,s,6.0966940487132355,6.0570211971507355,6.424129710477941,6.0616091260723035,6.154358149509804,15
candidate,generator_bits,16,256,circuit,8.508549372355143,8.33882204691569,8.740954717000326,8.457581202189127,8.621824900309244,15
candidate,generator_bits,16,256,cnot,11.832356452941895,11.616349220275879,12.030879020690918,11.663397789001465,11.976003646850586,15
candidate,generator_bits,16,256,comm,217.28768920898438,211.0392303466797,223.38230895996094,214.87171936035156,218.57769775390625,15
candidate,generator_bits,16,256,h,6.069401741027832,6.002048492431641,6.387293338775635,6.024599075317383,6.172855854034424,15
candidate,generator_bits,16,256,mul,314.0195007324219,311.7574157714844,321.00677490234375,312.1897277832031,320.1751708984375,15
candidate,generator_bits,16,256,s,6.092806339263916,6.005704402923584,6.265103816986084,6.0127973556518555,6.178915500640869,15
candidate,generator_bits,16,257,circuit,5.177129881545882,5.1203955268117705,10.723926984537128,5.159938075044585,6.239914553947795,15
candidate,generator_bits,16,257,cnot,7.346384248844845,7.253940923668531,7.77568891354572,7.327622944278939,7.579521446376459,15
candidate,generator_bits,16,257,comm,215.30987050097275,207.96157587548637,220.84244285019454,209.6233888618677,218.00966682879377,15
candidate,generator_bits,16,257,h,3.346276190494285,3.2983327190235894,3.4321685672270186,3.317628853052043,3.3779712484040614,15
candidate,generator_bits,16,257,mul,314.87490880350197,297.64257052529183,319.32706104085605,298.7223674610895,318.4733706225681,15
candidate,generator_bits,16,257,s,3.397158611609314,3.3676306579827333,3.461389920127067,3.3896182761581954,3.42704280155642,15
candidate,generator_bits,16,31,circuit,3.0684317311932965,3.047840569608955,3.12168703797043,3.0535967426915325,3.1001798568233365,15
candidate,generator_bits,16,31,cnot,4.088545522382183,4.052387852822581,4.2257616596837195,4.0718920307774695,4.126128165952621,15
candidate,generator_bits,16,31,comm,24.926379788306452,24.594049269153224,26.040680916078628,24.62538786857359,25.822054955267138,15
candidate,generator_bits,16,31,h,2.449507313389932,2.426598702707598,2.5223558487430697,2.448907544535975,2.5187257336032007,15
candidate,generator_bits,16,31,mul,39.77031092489919,36.9841052639869,40.69896279611895,37.23546378843246,40.489769720262096,15
candidate,generator_bits,16,31,s,2.527411184003276,2.3595748409148185,2.6869312409431703,2.4085506316154235,2.5359174666866178,15
candidate,generator_bits,16,32,circuit,3.0542877515157065,3.023531754811605,3.161383946736654,3.0342539151509604,3.1080379486083984,15
candidate,generator_bits,16,32,cnot,4.093786001205444,4.0125250816345215,4.34426474571228,4.022389650344849,4.096001386642456,15
candidate,generator_bits,16,32,comm,25.60035514831543,25.251707077026367,26.708763122558594,25.59073829650879,26.551088333129883,15
candidate,generator_bits,16,32,h,2.4180610179901123,2.3606321811676025,2.5021932125091553,2.402782440185547,2.472092866897583,15
candidate,generator_bits,16,32,mul,40.652435302734375,38.218021392822266,41.05106735229492,38.2533073425293,41.036128997802734,15
candidate,generator_bits,16,32,s,2.4379987716674805,2.3125510215759277,2.7851362228393555,2.3749570846557617,2.6796858310699463,15
candidate,generator_bits,16,33,circuit,3.5384207060842803,3.4828441889599118,3.683816004281092,3.524407589074337,3.5867143110795454,15
candidate,generator_bits,16,33,cnot,4.822085756244081,4.772301876183712,5.001357107451468,4.7799123128255205,4.873506950609611,15
candidate,generator_bits,16,33,comm,25.312172629616477,24.978019945549242,28.104839902935606,25.081134218158144,28.063071511008523,15
candidate,generator_bits,16,33,h,2.737690781102036,2.7093020352450283,3.0249104355320786,2.734511866714015,2.7629776000976562,15
candidate,generator_bits,16,33,mul,42.586044773910984,37.82098943536932,42.87488532788826,38.66423265861742,42.631051728219695,15
candidate,generator_bits,16,33,s,2.833597587816643,2.7292230779474433,3.0498601740056817,2.7588255911162407,2.942191152861624,15
candidate,generator_bits,16,512,circuit,9.762472152709961,9.6373291015625,9.865681330362955,9.639607747395834,9.76268450419108,15
candidate,generator_bits,16,512,cnot,13.458808898925781,13.370156288146973,13.64318561553955,13.42928409576416,13.601581573486328,15
candidate,generator_bits,16,512,comm,439.1695861816406,431.4117431640625,446.54339599609375,434.98358154296875,441.55377197265625,15
candidate,generator_bits,16,512,h,7.071495056152344,6.974478721618652,7.291356563568115,6.997625350952148,7.155696392059326,15
candidate,generator_bits,16,512,mul,640.3834228515625,636.2279663085938,651.2349243164062,639.2949829101562,649.90234375,15
candidate,generator_bits,16,512,s,7.117231845855713,7.057150363922119,7.2722039222717285,7.084310054779053,7.1773529052734375,15
candidate,generator_bits,16,63,circuit,5.158358780795305,5.110187510333994,5.239335317460317,5.156798024656911,5.187759318679729,15
candidate,generator_bits,16,63,cnot,6.706742544022817,6.667626274956597,6.8778182741195435,6.688597179594494,6.745757087828621,15
candidate,generator_bits,16,63,comm,49.84053354414682,49.25133308531746,52.63959418402778,49.322381882440474,52.194262307787696,15
candidate,generator_bits,16,63,h,4.036948794410343,3.9676685636005704,4.245919363839286,3.9885486421130953,4.0967528328063,15
candidate,generator_bits,16,63,mul,77.89054749503968,72.30260261656746,79.05247860863095,72.74115280877976,78.72178819444444,15
candidate,generator_bits,16,63,s,4.07365247938368,3.9918585883246527,4.537279643709698,4.017300075954861,4.2579793778676835,15
candidate,generator_bits,16,64,circuit,5.146715482076009,5.115720748901367,5.175219535827637,5.119985898335774,5.15140438079834,15
candidate,generator_bits,16,64,cnot,6.723999977111816,6.6659650802612305,6.7686238288879395,6.723225116729736,6.756564140319824,15
candidate,generator_bits,16,64,comm,50.77139663696289,50.3314323425293,53.67072296142578,50.47178268432617,53.58251190185547,15
candidate,generator_bits,16,64,h,4.050940275192261,3.9782028198242188,4.15534782409668,4.031906604766846,4.072596549987793,15
candidate,generator_bits,16,64,mul,79.41404724121094,74.06838607788086,80.16395568847656,74.23655319213867,79.69188690185547,15
candidate,generator_bits,16,64,s,4.050870895385742,4.02754545211792,4.201849460601807,4.042555809020996,4.05612587928772,15
candidate,generator_bits,16,65,circuit,4.770067107371795,4.6818005684094555,4.8485780373597755,4.71534423828125,4.780409279847756,15
candidate,generator_bits,16,65,cnot,7.510121976412259,7.369329833984375,7.629687969501202,7.401470947265625,7.522700383112981,15
candidate,generator_bits,16,65,comm,52.446724759615385,51.77377554086539,55.48815730168269,51.90382737379808,54.59109450120192,15
candidate,generator_bits,16,65,h,2.7907250037560094,2.7323699951171876,2.967326002854567,2.782518357496995,2.9047647329477164,15
candidate,generator_bits,16,65,mul,80.79020432692307,76.22038762019231,82.41937349759615,76.50866135817307,81.52982271634616,15
candidate,generator_bits,16,65,s,2.905293156550481,2.778850379356971,3.04867671086238,2.8765164888822117,2.9616917536808893,15
candidate,generator_bits,16,8,circuit,1.658320426940918,1.6506249109903972,1.6904473304748535,1.6576647758483887,1.6808576583862305,15
candidate,generator_bits,16,8,cnot,1.9994676113128662,1.979445457458496,2.66180419921875,1.9993036985397339,2.6433568000793457,15
candidate,generator_bits,16,8,comm,6.511230945587158,6.430983543395996,7.542232990264893,6.500601768493652,7.49977445602417,15
candidate,generator_bits,16,8,h,2.303903341293335,1.6532689332962036,2.4442920684814453,1.6606202125549316,2.3424824476242065,15
candidate,generator_bits,16,8,mul,11.0260648727417,10.544936180114746,11.599302291870117,10.999998092651367,11.254390716552734,15
candidate,generator_bits,16,8,s,1.6523053646087646,1.6085257530212402,1.6574958562850952,1.6223292350769043,1.652643084526062,15
candidate,generator_bits,32,1024,circuit,11.353254318237305,11.148797353108725,11.847496032714844,11.268059412638346,11.507935206095377,15
candidate,generator_bits,32,1024,cnot,15.04389476776123,14.732122421264648,15.410502433776855,14.816641807556152,15.113035202026367,15
candidate,generator_bits,32,1024,comm,1503.1229248046875,1487.1318359375,1523.0306396484375,1492.5537109375,1515.5029296875,15
candidate,generator_bits,32,1024,h,11.704167366027832,11.548121452331543,14.874616622924805,11.660297393798828,12.139519691467285,15
candidate,generator_bits,32,1024,mul,3593.658447265625,3526.957275390625,3717.936279296875,3561.553955078125,3714.121337890625,15
candidate,generator_bits,32,1024,s,9.230434894561768,9.180088996887207,13.219296932220459,9.206672668457031,10.464926719665527,15
candidate,generator_bits,32,127,circuit,5.168964856565781,5.123321773499016,5.295080149893373,5.1431195917404855,5.1902710922121065,15
candidate,generator_bits,32,127,cnot,6.7340924120324805,6.584868183286171,6.841925193005659,6.632527028481792,6.7592629259965555,15
candidate,generator_bits,32,127,comm,106.1476685531496,102.46056840551181,109.8232344980315,103.58098548228347,109.48938084399606,15
candidate,generator_bits,32,127,h,3.993727796659695,3.9355060246985727,4.617245651605561,3.9754751610943653,4.39195792130598,15
candidate,generator_bits,32,127,mul,150.52839720718504,148.7021484375,161.91584645669292,149.3871493602362,160.37155511811022,15
candidate,generator_bits,32,127,s,4.070001557117372,3.985237421951895,4.592274583230807,4.068519652359129,4.435211421936516,15
candidate,generator_bits,32,128,circuit,5.151430765787761,5.103097915649414,5.356788635253906,5.105124791463216,5.161643028259277,15
candidate,generator_bits,32,128,cnot,6.723642349243164,6.608804225921631,6.9999098777771,6.623983383178711,6.788869857788086,15
candidate,generator_bits,32,128,comm,105.13273620605469,103.27625274658203,111.28585052490234,103.68473815917969,110.69711303710938,15
candidate,generator_bits,32,128,h,4.355698823928833,3.956099271774292,4.6054322719573975,3.9939582347869873,4.431217908859253,15
candidate,generator_bits,32,128,mul,151.72481536865234,150.6325454711914,164.0218048095703,150.9586944580078,162.42916870117188,15
candidate,generator_bits,32,128,s,4.067371368408203,4.013329744338989,4.520018815994263,4.038900136947632,4.273046970367432,15
candidate,generator_bits,32,129,circuit,4.829584166061046,4.798961550690407,4.865398081698159,4.813510628633721,4.853201774971738,15
candidate,generator_bits,32,129,cnot,7.234440293422965,7.165676856225775,7.298905720082364,7.215968405553537,7.2877078980438466,15
candidate,generator_bits,32,129,comm,106.26268017199612,104.77638232800388,111.92460029069767,105.21483617974806,110.69159550629846,15
candidate,generator_bits,32,129,h,3.0058335888293364,2.9696186864098837,3.259289172268653,3.003536727077277,3.1191607334817104,15
candidate,generator_bits,32,129,mul,152.67620518410854,151.71541908914728,163.2953760901163,152.60113856589146,162.6872426114341,15
candidate,generator_bits,32,129,s,3.0838526053022046,3.0214372974957606,3.243961541227592,3.0356807265170787,3.187569078548934,15
candidate,generator_bits,32,2048,circuit,18.085267384847004,17.98534393310547,18.349594116210938,18.065505981445312,18.194039662679035,15
candidate,generator_bits,32,2048,cnot,25.07074546813965,24.866104125976562,25.363922119140625,24.98936653137207,25.24399757385254,15
candidate,generator_bits,32,2048,comm,4176.94091796875,4059.99755859375,4331.46142578125,4115.22412109375,4216.8681640625,15
candidate,generator_bits,32,2048,h,21.049102783203125,20.598331451416016,21.58896255493164,20.773014068603516,21.08963394165039,15
candidate,generator_bits,32,2048,mul,7687.44921875,7523.051025390625,7923.2177734375,7636.016845703125,7855.63134765625,15
candidate,generator_bits,32,2048,s,15.551249504089355,15.285690307617188,15.849034309387207,15.492558479309082,15.687664031982422,15
candidate,generator_bits,32,255,circuit,6.919896982230392,6.84152241625817,7.132868668300653,6.901307189542484,7.0180593852124185,15
candidate,generator_bits,32,255,cnot,9.048421702665442,8.89894588694853,9.271399643841912,8.965406230851716,9.152301623774509,15
candidate,generator_bits,32,255,comm,216.0545649509804,213.45870098039217,220.92651654411765,213.98973651960785,217.97578125,15
candidate,generator_bits,32,255,h,4.337096449908088,4.287919108072916,4.826504576439951,4.319393861060049,4.747847014782476,15
candidate,generator_bits,32,255,mul,314.7135416666667,309.74007352941175,320.3993259803922,314.67395833333336,315.7705269607843,15
candidate,generator_bits,32,255,s,6.138221890318627,5.977356196384804,6.401351390165441,6.0311509076286764,6.163493795955882,15
candidate,generator_bits,32,256,circuit,6.93533198038737,6.82650629679362,7.0724747975667315,6.83583132425944,6.986061731974284,15
candidate,generator_bits,32,256,cnot,9.169995784759521,8.933305740356445,9.944319725036621,8.994301319122314,9.599804878234863,15
candidate,generator_bits,32,256,comm,216.25582885742188,213.82205200195312,218.43402099609375,215.37652587890625,217.80140686035156,15
candidate,generator_bits,32,256,h,4.358122825622559,4.299749851226807,6.379445552825928,4.3487548828125,6.1661601066589355,15
candidate,generator_bits,32,256,mul,316.2892761230469,313.25531005859375,598.3517761230469,314.8740234375,490.04620361328125,15
candidate,generator_bits,32,256,s,6.220261573791504,6.091793537139893,8.105357646942139,6.115039348602295,7.698972702026367,15
candidate,generator_bits,32,257,circuit,5.122572526548314,5.087700948950227,5.2939487956995785,5.110223317424611,5.191036080881161,15
candidate,generator_bits,32,257,cnot,7.321665723036236,7.197497416099222,7.476687895184825,7.2695564240333175,7.364849639773833,15
candidate,generator_bits,32,257,comm,205.9109162208171,203.4511490758755,220.1800066877432,205.13702273832683,218.46311101653697,15
candidate,generator_bits,32,257,h,3.332956989451605,3.3025581567667803,3.361069734922179,3.317638590178137,3.347433958535992,15
candidate,generator_bits,32,257,mul,297.58747264105057,294.60078732976655,316.37712791828795,295.79646461575874,315.7247993677043,15
candidate,generator_bits,32,257,s,3.497023526796571,3.4767377682696985,3.523592819035749,3.4958954451149076,3.5021692417011185,15
candidate,generator_bits,32,31,circuit,2.216544202578965,2.1935262372416835,2.2424744636781755,2.196732387747816,2.233272757581485,15
candidate,generator_bits,32,31,cnot,2.5827142038652973,2.533348821824597,2.7217864990234375,2.576930384482107,2.5968448269751763,15
candidate,generator_bits,32,31,comm,25.230078912550404,24.516363328503026,26.058400800151208,24.590769121723792,25.821482012348792,15
candidate,generator_bits,32,31,h,1.6939255499070691,1.44687258812689,1.8001781586677796,1.4994425619802167,1.7330467470230595,15
candidate,generator_bits,32,31,mul,36.99862572454637,36.425765498991936,38.86782738470262,36.579666629914314,38.78062192855343,15
candidate,generator_bits,32,31,s,1.4685149654265373,1.4072079812326739,1.6812304835165701,1.4182675269342238,1.6590958872149069,15
candidate,generator_bits,32,32,circuit,2.1900534629821777,2.171112537384033,2.2385781606038413,2.185735543568929,2.226452032725016,15
candidate,generator_bits,32,32,cnot,2.6915769577026367,2.655595541000366,2.8702914714813232,2.6780266761779785,2.7318496704101562,15
candidate,generator_bits,32,32,comm,25.59685707092285,25.333961486816406,27.3981876373291,25.46826934814453,26.687541961669922,15
candidate,generator_bits,32,32,h,1.3690639734268188,1.2996196746826172,1.7325778007507324,1.3021577596664429,1.5144001245498657,15
candidate,generator_bits,32,32,mul,38.24726867675781,37.819705963134766,40.72252655029297,38.099843978881836,40.435791015625,15
candidate,generator_bits,32,32,s,1.4307847023010254,1.3972619771957397,1.6569247245788574,1.399502158164978,1.4670988321304321,15
candidate,generator_bits,32,33,circuit,2.7249654134114585,2.656705451734138,2.765726262872869,2.6756120161576704,2.738329646563289,15
candidate,generator_bits,32,33,cnot,3.39810527454723,3.381921710390033,3.4525322191642993,3.3976912064985796,3.426946697813092,15
candidate,generator_bits,32,33,comm,25.09893428918087,24.734881776751894,28.055826822916668,25.044683283025567,27.89645663174716,15
candidate,generator_bits,32,33,h,1.912044756340258,1.7926524769176135,2.2497562061656606,1.8240032774029356,2.212832710959695,15
candidate,generator_bits,32,33,mul,37.59904341264205,37.18304628314394,42.27224269057765,37.25718365293561,41.700265595407195,15
candidate,generator_bits,32,33,s,1.9639911073626894,1.9217982436671401,2.2584019285259824,1.9535055449514678,2.0637849749940815,15
candidate,generator_bits,32,512,circuit,8.283085505167643,8.18472417195638,8.38796297709147,8.233017603556315,8.31593386332194,15
candidate,generator_bits,32,512,cnot,10.85042953491211,10.704715728759766,11.080106735229492,10.841846466064453,10.855515480041504,15
candidate,generator_bits,32,512,comm,440.6102600097656,437.6551208496094,446.0169372558594,439.22296142578125,444.5940856933594,15
candidate,generator_bits,32,512,h,5.790333271026611,5.684415340423584,5.874732971191406,5.7007269859313965,5.796611309051514,15
candidate,generator_bits,32,512,mul,653.2109985351562,637.9292602539062,662.9664306640625,641.8355102539062,658.940673828125,15
candidate,generator_bits,32,512,s,7.282833099365234,7.235109806060791,7.4275336265563965,7.247885227203369,7.295469760894775,15
candidate,generator_bits,32,63,circuit,3.163191376539765,3.1318732367621527,3.218306122633515,3.1608904480303406,3.171735814008763,15
candidate,generator_bits,32,63,cnot,4.012869698660714,3.957889859638517,4.058444310748388,4.012193710084945,4.02159917922247,15
candidate,generator_bits,32,63,comm,50.39114428323413,49.41570948040675,53.41996837797619,49.76416015625,53.30952768477182,15
candidate,generator_bits,32,63,h,2.225280519515749,2.155001201326885,2.4068116687593006,2.1936577690972223,2.2364015125093006,15
candidate,generator_bits,32,63,mul,74.74077690972223,72.83076404389881,78.3326435391865,74.1121806795635,77.20140438988095,15
candidate,generator_bits,32,63,s,2.365293956938244,2.3152892097594244,2.6184263683500744,2.351084754580543,2.3704761323474703,15
candidate,generator_bits,32,64,circuit,3.201630433400472,3.0989646911621094,4.689534505208333,3.1750466028849282,4.520204226175944,15
candidate,generator_bits,32,64,cnot,3.9763450622558594,3.9306483268737793,5.857269048690796,3.943324089050293,4.285305738449097,15
candidate,generator_bits,32,64,comm,50.90872573852539,50.54743957519531,53.659915924072266,50.81669616699219,53.31548309326172,15
candidate,generator_bits,32,64,h,2.3842055797576904,2.1475255489349365,2.631192445755005,2.281536817550659,2.5358200073242188,15
candidate,generator_bits,32,64,mul,76.00959014892578,74.69812774658203,78.5497055053711,75.68391036987305,78.47945404052734,15
candidate,generator_bits,32,64,s,2.355863571166992,2.300371766090393,2.4538984298706055,2.316996455192566,2.3752849102020264,15
candidate,generator_bits,32,65,circuit,3.5453340970552887,3.4938323192107372,3.6825326772836537,3.5148165189302887,3.6314484425080127,15
candidate,generator_bits,32,65,cnot,4.692781888521635,4.610844069260818,4.90575937124399,4.630426260141226,4.693349045973558,15
candidate,generator_bits,32,65,comm,51.88191856971154,51.252783203125,55.26921198918269,51.47298302283654,54.61050180288461,15
candidate,generator_bits,32,65,h,2.800330059344952,2.7620267427884615,2.908012272761418,2.797239098182091,2.8283926156850963,15
candidate,generator_bits,32,65,mul,75.41065955528846,74.79936899038462,79.91974909855769,75.12488731971153,79.65150991586539,15
candidate,generator_bits,32,65,s,2.7328880896935095,2.7072613055889425,3.0278231107271636,2.7324676513671875,2.8919903094951924,15
candidate,generator_bits,32,8,circuit,1.4644596576690674,1.451985756556193,1.4962090651194255,1.462323824564616,1.4742878278096516,15
candidate,generator_bits,32,8,cnot,1.9935468435287476,1.9754667282104492,2.0635823011398315,1.9825547933578491,2.003396511077881,15
candidate,generator_bits,32,8,comm,6.643990516662598,6.545305252075195,6.810009479522705,6.639460563659668,6.747166633605957,15
candidate,generator_bits,32,8,h,1.0697543621063232,1.0308375358581543,1.2463082075119019,1.0512073040008545,1.2239689230918884,15
candidate,generator_bits,32,8,mul,10.500351905822754,10.406494140625,11.538863182067871,10.463396072387695,11.30549144744873,15
candidate,generator_bits,32,8,s,1.1447792649269104,1.097808301448822,1.2468348145484924,1.1303896307945251,1.1903544664382935,15
candidate,generator_bits,64,1024,circuit,10.029103597005209,10.005580266316732,10.177108764648438,10.01596450805664,10.068920135498047,15
candidate,generator_bits,64,1024,cnot,13.495564460754395,13.412117958068848,13.71328067779541,13.468544006347656,13.530095100402832,15
candidate,generator_bits,64,1024,comm,1508.8907470703125,1482.18798828125,1745.4071044921875,1489.1612548828125,1679.2552490234375,15
candidate,generator_bits,64,1024,h,10.429859161376953,10.246315956115723,10.567784309387207,10.406295776367188,10.467529296875,15
candidate,generator_bits,64,1024,mul,3553.89404296875,3439.890380859375,4185.678955078125,3535.26806640625,3772.369384765625,15
candidate,generator_bits,64,1024,s,7.740636825561523,7.673462390899658,7.858256816864014,7.682124614715576,7.74167013168335,15
candidate,generator_bits,64,127,circuit,3.180736631859006,3.132690750082021,3.242973267562746,3.1739349765727525,3.182345172551673,15
candidate,generator_bits,64,127,cnot,3.924602598655881,3.827142670398622,4.041256161186639,3.8523336095134106,3.948832594503568,15
candidate,generator_bits,64,127,comm,100.17102915846456,97.52841258612204,106.23321389025591,98.74815452755905,105.67924920029527,15
candidate,generator_bits,64,127,h,2.1679945818082555,2.132380688284326,2.3300090399314097,2.1654464841827634,2.1723599171075296,15
candidate,generator_bits,64,127,mul,141.3715166707677,136.99396376722441,144.47902312992127,138.44599686269686,141.6557117372047,15
candidate,generator_bits,64,127,s,2.2576700045367866,2.2327143150990403,2.6446463517316685,2.252333393247109,2.574159637210876,15
candidate,generator_bits,64,128,circuit,3.1511386235555015,3.0954944292704263,3.192941347757975,3.129422664642334,3.162966728210449,15
candidate,generator_bits,64,128,cnot,3.8716793060302734,3.8270254135131836,3.9604406356811523,3.8511455059051514,3.8925211429595947,15
candidate,generator_bits,64,128,comm,100.85328674316406,99.87576293945312,112.28244018554688,100.43875122070312,108.1806869506836,15
candidate,generator_bits,64,128,h,2.174218535423279,2.128218650817871,2.6433169841766357,2.1634548902511597,2.368032932281494,15
candidate,generator_bits,64,128,mul,141.0541534423828,138.11048126220703,149.01988220214844,140.13004302978516,142.364501953125,15
candidate,generator_bits,64,128,s,2.235293388366699,2.212315797805786,2.428809881210327,2.219974994659424,2.3664236068725586,15
candidate,generator_bits,64,129,circuit,3.550697977228682,3.514423537932009,3.624547362019541,3.5281578675104974,3.578888964591408,15
candidate,generator_bits,64,129,cnot,4.593122142229894,4.539982758751211,4.708174121472263,4.588469749273256,4.687336293301841,15
candidate,generator_bits,64,129,comm,104.91170815164729,101.18651586724806,120.59979106104652,104.53855529312015,109.87716509205427,15
candidate,generator_bits,64,129,h,2.8665724170300386,2.835098621457122,2.9934432155402133,2.855384767517563,2.874951029932776,15
candidate,generator_bits,64,129,mul,144.35713420542635,138.74253573158916,154.36879239341084,143.68086845930233,144.59938226744185,15
candidate,generator_bits,64,129,s,3.120116714359254,3.0852029489916424,3.151413082152374,3.104404419891594,3.128288328185562,15
candidate,generator_bits,64,2048,circuit,16.721725463867188,16.629906972249348,16.830603281656902,16.719871520996094,16.800403594970703,15
candidate,generator_bits,64,2048,cnot,23.671785354614258,23.438453674316406,23.99587631225586,23.594141006469727,23.83812141418457,15
candidate,generator_bits,64,2048,comm,4192.75927734375,4108.835693359375,4238.189697265625,4135.477783203125,4204.244140625,15
candidate,generator_bits,64,2048,h,19.725719451904297,19.51456069946289,19.899606704711914,19.701719284057617,19.852638244628906,15
candidate,generator_bits,64,2048,mul,7732.55419921875,7620.697021484375,7909.993408203125,7644.134521484375,7844.3095703125,15
candidate,generator_bits,64,2048,s,14.749089241027832,14.553189277648926,14.957468032836914,14.677206993103027,14.852046966552734,15
candidate,generator_bits,64,255,circuit,5.093071193321078,5.06941508374183,5.14123455371732,5.08268612132353,5.120769824857026,15
candidate,generator_bits,64,255,cnot,6.650039253982843,6.588066789215686,6.8090303308823525,6.6167695886948525,6.686740291819853,15
candidate,generator_bits,64,255,comm,205.32513786764707,202.0929074754902,208.96842830882352,202.71011029411764,205.87596507352941,15
candidate,generator_bits,64,255,h,3.424550972732843,3.3840803557751227,3.488348508348652,3.39813232421875,3.4313924153645834,15
candidate,generator_bits,64,255,mul,299.01513480392157,294.11254595588235,305.73874080882354,295.5225030637255,300.64848345588234,15
candidate,generator_bits,64,255,s,4.271064548866422,4.221189491421568,4.3282700482536764,4.2503705193014705,4.283929802389705,15
candidate,generator_bits,64,256,circuit,5.103044827779134,5.055798530578613,5.2583614985148115,5.082368850708008,5.168570518493652,15
candidate,generator_bits,64,256,cnot,6.6391825675964355,6.577670574188232,6.8097710609436035,6.588578224182129,6.642838478088379,15
candidate,generator_bits,64,256,comm,208.4026336669922,205.05459594726562,229.56593322753906,205.8836669921875,210.88282775878906,15
candidate,generator_bits,64,256,h,3.4290850162506104,3.3949217796325684,3.515521764755249,3.4146111011505127,3.44008207321167,15
candidate,generator_bits,64,256,mul,301.4551696777344,289.5520324707031,311.7523193359375,299.09197998046875,302.39996337890625,15
candidate,generator_bits,64,256,s,4.261960744857788,4.238893747329712,4.541754722595215,4.252254962921143,4.291892051696777,15
candidate,generator_bits,64,257,circuit,5.174372137443256,5.1191688072511345,5.24184614644131,5.1373102606193255,5.212740214109112,15
candidate,generator_bits,64,257,cnot,7.25303085861503,7.146476775291829,7.345217218658804,7.2132910346242705,7.3072975247750485,15
candidate,generator_bits,64,257,comm,197.55885214007782,192.95279061284046,207.1306693822957,194.38533560311285,206.27635578793775,15
candidate,generator_bits,64,257,h,3.3051308954736136,3.270288845908317,3.333392310235287,3.2996686052255595,3.3195090683517754,15
candidate,generator_bits,64,257,mul,283.37031857976655,272.66612962062254,291.4310858463035,277.86053015564204,284.5362354085603,15
candidate,generator_bits,64,257,s,3.5806006049367705,3.5473915426647618,3.640507679505107,3.5723081358675826,3.596908153726897,15
candidate,generator_bits,64,31,circuit,1.530172122422085,1.5122608471942205,1.5508727206978747,1.5174496558404738,1.5414692868468582,15
candidate,generator_bits,64,31,cnot,1.9035698675340222,1.88159425797001,1.9498179035802041,1.9022776695989794,1.9095892137096775,15
candidate,generator_bits,64,31,comm,24.75238233996976,24.35278123424899,26.080387238533266,24.560743762600808,25.870538526965724,15
candidate,generator_bits,64,31,h,1.0336368314681514,0.9964768809656943,1.1426146107335244,1.018442153930664,1.046655039633474,15
candidate,generator_bits,64,31,mul,35.71754307900706,35.58448053175403,36.01385891822077,35.699988580519154,35.72566469254032,15
candidate,generator_bits,64,31,s,1.0548766351515246,1.0340572480232484,1.1664154914117628,1.0489981866651965,1.0641544095931514,15
candidate,generator_bits,64,32,circuit,1.526342471440633,1.506716012954712,1.5484325885772705,1.5161401430765789,1.5264716148376465,15
candidate,generator_bits,64,32,cnot,1.8978863954544067,1.876041293144226,1.94572913646698,1.8937538862228394,1.9044479131698608,15
candidate,generator_bits,64,32,comm,25.54528045654297,25.141557693481445,27.334291458129883,25.254011154174805,27.165809631347656,15
candidate,generator_bits,64,32,h,1.1298110485076904,1.0231807827949524,1.1960392594337463,1.0841041803359985,1.166763424873352,15
candidate,generator_bits,64,32,mul,37.15237045288086,36.58660316467285,38.76988220214844,36.6857852935791,37.30257225036621,15
candidate,generator_bits,64,32,s,1.0712593793869019,1.0383675694465637,1.1443893313407898,1.0502909421920776,1.0824203491210938,15
candidate,generator_bits,64,33,circuit,2.185256495620265,2.172727026120581,2.442665023033065,2.1845371747257736,2.2615052810823073,15
candidate,generator_bits,64,33,cnot,2.6614544030391807,2.6304071599786933,2.8858184814453125,2.637651154489228,2.7751730716589726,15
candidate,generator_bits,64,33,comm,24.91791141394413,24.769407330137312,30.97372344045928,24.858416933001894,28.689760150331438,15
candidate,generator_bits,64,33,h,1.5556355100689512,1.4192552277536103,1.6706880511659565,1.486942060065992,1.5635683464281487,15
candidate,generator_bits,64,33,mul,36.50149073745265,36.14175137606534,37.20046534682765,36.2820878462358,37.007649739583336,15
candidate,generator_bits,64,33,s,1.4464975992838542,1.383381699070786,1.6343906286991003,1.3954230799819485,1.4529806194883403,15
candidate,generator_bits,64,512,circuit,6.8293412526448565,6.7474314371744795,7.01461919148763,6.762531280517578,6.916390101114909,15
candidate,generator_bits,64,512,cnot,9.244839191436768,9.150326251983643,12.977342128753662,9.15980339050293,9.352326393127441,15
candidate,generator_bits,64,512,comm,440.5886535644531,433.733642578125,446.4085693359375,437.8140563964844,444.2659912109375,15
candidate,generator_bits,64,512,h,5.297998428344727,5.26412296295166,5.361457824707031,5.293528079986572,5.312621593475342,15
candidate,generator_bits,64,512,mul,632.6828002929688,622.7645874023438,645.5586547851562,629.6056518554688,642.1610717773438,15
candidate,generator_bits,64,512,s,5.275587558746338,5.217134952545166,5.356212615966797,5.22245979309082,5.333880424499512,15
candidate,generator_bits,64,63,circuit,2.1802440824962797,2.1711818150111606,2.223537868923611,2.178118186022239,2.1855525264033564,15
candidate,generator_bits,64,63,cnot,2.595275636703249,2.5587029835534474,2.617619105747768,2.5720343211340526,2.6009473043774802,15
candidate,generator_bits,64,63,comm,50.07659815228175,49.73993598090278,52.379468160962304,49.931280226934526,52.25885106646825,15
candidate,generator_bits,64,63,h,1.4854561941964286,1.3698748633975075,1.5462340097578744,1.3947007921006944,1.5133297632610987,15
candidate,generator_bits,64,63,mul,71.73923843625992,70.3685283358135,74.69346788194444,71.21284799727182,72.0465107266865,15
candidate,generator_bits,64,63,s,1.5069013323102678,1.4637538364955358,1.668380131797185,1.465272691514757,1.5840480743892609,15
candidate,generator_bits,64,64,circuit,2.2142529487609863,2.163257916768392,2.2449890772501626,2.1839208602905273,2.236836592356364,15
candidate,generator_bits,64,64,cnot,2.619832754135132,2.576341390609741,2.7092297077178955,2.5857388973236084,2.6339988708496094,15
candidate,generator_bits,64,64,comm,53.078651428222656,50.820987701416016,56.548118591308594,52.31269073486328,56.388057708740234,15
candidate,generator_bits,64,64,h,1.4936676025390625,1.4703521728515625,1.7460733652114868,1.4805594682693481,1.526971697807312,15
candidate,generator_bits,64,64,mul,73.68643951416016,72.08379364013672,75.6373405456543,72.28374481201172,73.89561462402344,15
candidate,generator_bits,64,64,s,1.548295259475708,1.459826946258545,1.6284435987472534,1.5026181936264038,1.5659282207489014,15
candidate,generator_bits,64,65,circuit,2.7207399025941505,2.667529766376202,2.7893262031750803,2.6878097142928685,2.7456168932792466,15
candidate,generator_bits,64,65,cnot,3.4061725323016825,3.3267681415264425,3.4846282958984376,3.364142549954928,3.414476834810697,15
candidate,generator_bits,64,65,comm,53.49872295673077,51.47767803485577,55.51898662860577,52.08568209134615,54.74618765024039,15
candidate,generator_bits,64,65,h,1.7883985079251803,1.7488479614257812,2.0981910118689906,1.757206021822416,1.9418863149789662,15
candidate,generator_bits,64,65,mul,73.9971454326923,72.92401968149038,76.11365685096153,73.30024789663462,74.41468599759615,15
candidate,generator_bits,64,65,s,1.8778825026292068,1.8488174438476563,2.1251825185922475,1.8582564133864183,2.0009750366210937,15
candidate,generator_bits,64,8,circuit,1.4773839314778645,1.4587773482004802,1.5623138745625813,1.4643900394439697,1.4884737332661946,15
candidate,generator_bits,64,8,cnot,1.9792070388793945,1.9400616884231567,2.0348180532455444,1.9581764936447144,2.000143051147461,15
candidate,generator_bits,64,8,comm,6.625851154327393,6.49338960647583,6.768167018890381,6.533324718475342,6.703317165374756,15
candidate,generator_bits,64,8,h,1.1852830648422241,1.0439356565475464,1.253152847290039,1.1226509809494019,1.240717887878418,15
candidate,generator_bits,64,8,mul,10.353684425354004,10.174235343933105,10.427157402038574,10.196128845214844,10.364174842834473,15
candidate,generator_bits,64,8,s,1.0893791913986206,1.0799418091773987,1.2272422313690186,1.0876134037971497,1.1077250242233276,15
candidate,generator_bits,8,1024,circuit,19.54894510904948,19.335853576660156,20.204119364420574,19.396199544270832,19.61130650838216,15
candidate,generator_bits,8,1024,cnot,27.0993709564209,26.654481887817383,27.541479110717773,27.068693161010742,27.181705474853516,15
candidate,generator_bits,8,1024,comm,1486.104248046875,1464.8182373046875,1509.4146728515625,1467.193603515625,1505.0150146484375,15
candidate,generator_bits,8,1024,h,16.01274871826172,15.788912773132324,25.535066604614258,15.893260955810547,22.66848087310791,15
candidate,generator_bits,8,1024,mul,3583.261962890625,3441.4775390625,3920.4306640625,3490.18359375,3614.837646484375,15
candidate,generator_bits,8,1024,s,15.091657638549805,14.821648597717285,16.24540424346924,14.883200645446777,15.811681747436523,15
candidate,generator_bits,8,127,circuit,14.651481247949475,14.379679041584646,15.220554461942257,14.459991695374017,14.686404250738189,15
candidate,generator_bits,8,127,cnot,20.698048028420274,20.439487727608267,20.976310669906496,20.559716412401574,20.765088659571852,15
candidate,generator_bits,8,127,comm,105.95735420767717,101.86206631397638,157.33068559301182,103.42302842027559,110.22885396161418,15
candidate,generator_bits,8,127,h,11.566282257320374,11.255620040292815,13.003612127829724,11.395071435162402,12.051280104269193,15
candidate,generator_bits,8,127,mul,160.93320927657481,150.25670521653544,177.54853592519686,150.63796444389763,164.1374723179134,15
candidate,generator_bits,8,127,s,11.539328747846948,11.289301834707185,12.249323326771654,11.45979080800935,11.59960264671506,15
candidate,generator_bits,8,128,circuit,14.785078684488932,14.573415120442709,15.009138743082682,14.781262715657553,14.790852864583334,15
candidate,generator_bits,8,128,cnot,20.66802978515625,20.410696029663086,20.837942123413086,20.53745460510254,20.685115814208984,15
candidate,generator_bits,8,128,comm,104.14854431152344,103.07756805419922,110.43485260009766,104.01408386230469,107.73086547851562,15
candidate,generator_bits,8,128,h,11.42760181427002,11.1890230178833,11.768381118774414,11.350671768188477,11.713664054870605,15
candidate,generator_bits,8,128,mul,150.88780212402344,150.07972717285156,167.06149291992188,150.25965881347656,164.3873748779297,15
candidate,generator_bits,8,128,s,11.48704719543457,11.307120323181152,12.1978120803833,11.390130043029785,11.58471965789795,15
candidate,generator_bits,8,129,circuit,4.641563395813146,4.5970093088864665,4.762647998425388,4.633322861151486,4.7053714722625966,15
candidate,generator_bits,8,129,cnot,6.7999589313832365,6.699022396590358,6.967569040697675,6.7730495245881785,6.8366273392078485,15
candidate,generator_bits,8,129,comm,105.6106922238372,100.49982588420542,106.88690800629846,105.42711361434108,106.0989734738372,15
candidate,generator_bits,8,129,h,3.2188356384750483,3.1897374825884204,3.324188232421875,3.2183130545209546,3.2479534297026404,15
candidate,generator_bits,8,129,mul,152.36835331879846,151.31103137112405,163.64739280523256,152.27498183139534,161.29557291666666,15
candidate,generator_bits,8,129,s,3.225380830986555,3.2102008198582848,3.3196541246517683,3.2216744829517925,3.237298063529554,15
candidate,generator_bits,8,2048,circuit,25.74443817138672,25.63317616780599,26.0729242960612,25.71063486735026,25.962933858235676,15
candidate,generator_bits,8,2048,cnot,35.33943557739258,35.044273376464844,36.324501037597656,35.30319595336914,35.353580474853516,15
candidate,generator_bits,8,2048,comm,4174.6826171875,4058.65478515625,4273.23388671875,4174.021484375,4227.1728515625,15
candidate,generator_bits,8,2048,h,25.59177017211914,25.148788452148438,28.67380714416504,25.27983856201172,25.97697639465332,15
candidate,generator_bits,8,2048,mul,7679.239990234375,7490.4072265625,7891.744140625,7631.581787109375,7865.824462890625,15
candidate,generator_bits,8,2048,s,19.89523696899414,19.692975997924805,20.065465927124023,19.84039878845215,19.943317413330078,15
candidate,generator_bits,8,255,circuit,15.39468954248366,15.097570720996732,15.78823912377451,15.17219669117647,15.400059997957516,15
candidate,generator_bits,8,255,cnot,21.30845013786765,21.090399050245097,21.567110906862744,21.179677925857842,21.40315372242647,15
candidate,generator_bits,8,255,comm,208.99011948529412,206.16639093137255,211.7889705882353,208.46674325980393,209.32648590686276,15
candidate,generator_bits,8,255,h,11.658313227634803,11.546215341605393,12.072155522365197,11.610761335784314,11.899382467830883,15
candidate,generator_bits,8,255,mul,314.61268382352944,311.60897671568625,319.89761029411767,312.13489583333336,318.78829656862746,15
candidate,generator_bits,8,255,s,11.742326325061274,11.694814644607844,11.947731885723039,11.739813112745098,11.917333026960785,15
candidate,generator_bits,8,256,circuit,15.006331125895182,14.926063537597656,15.488571166992188,14.962884267171225,15.261066436767578,15
candidate,generator_bits,8,256,cnot,21.120229721069336,20.87942886352539,21.319547653198242,20.995140075683594,21.15289306640625,15
candidate,generator_bits,8,256,comm,209.008544921875,203.46896362304688,212.74440002441406,207.2346954345703,209.38238525390625,15
candidate,generator_bits,8,256,h,11.803309440612793,11.514345169067383,12.167890548706055,11.576692581176758,11.89267635345459,15
candidate,generator_bits,8,256,mul,317.1577453613281,312.21136474609375,323.7698669433594,315.7984313964844,318.2016906738281,15
candidate,generator_bits,8,256,s,11.875550270080566,11.63621711730957,12.435357093811035,11.652668952941895,11.888703346252441,15
candidate,generator_bits,8,257,circuit,5.363639069593061,5.242941137726978,5.436826159208819,5.29890982186284,5.36987969661965,15
candidate,generator_bits,8,257,cnot,7.65823019896036,7.523236107733463,7.94133880258998,7.637963677194795,7.778974362384484,15
candidate,generator_bits,8,257,comm,207.34031493190662,198.33212244649806,211.14839190175098,206.47709447957197,210.24654973249028,15
candidate,generator_bits,8,257,h,3.633966705678502,3.595136946741245,3.708083572090832,3.6093664503283076,3.6830479959569553,15
candidate,generator_bits,8,257,mul,302.74703611381324,299.3043683122568,309.2080800097276,299.588734192607,303.08143847276267,15
candidate,generator_bits,8,257,s,3.6654342473249026,3.623992088703794,3.772869184323322,3.656201789351289,3.7255097029274076,15
candidate,generator_bits,8,31,circuit,6.377312444871472,6.346699376260081,6.448342600176411,6.354629352528562,6.389658938172043,15
candidate,generator_bits,8,31,cnot,8.864515243038054,8.815293342836442,8.9776852515436,8.856742612777218,8.89218238092238,15
candidate,generator_bits,8,31,comm,24.693316059727824,24.380345498361894,24.898652107484878,24.448927356350808,24.812267672631048,15
candidate,generator_bits,8,31,h,5.422818091607863,5.306613060735887,5.60760498046875,5.3712990053238405,5.45563236359627,15
candidate,generator_bits,8,31,mul,36.84620321950605,36.640536400579634,39.54700691469254,36.677370132938506,39.39540346207157,15
candidate,generator_bits,8,31,s,5.284217096144153,5.2037594702935985,5.3189593899634575,5.2449011033581145,5.311493904359879,15
candidate,generator_bits,8,32,circuit,6.407101949055989,6.308317184448242,6.554073333740234,6.358411471048991,6.412558873494466,15
candidate,generator_bits,8,32,cnot,8.874177932739258,8.734563827514648,9.015758991241455,8.783141613006592,8.905033111572266,15
candidate,generator_bits,8,32,comm,25.385698318481445,25.283414840698242,25.881689071655273,25.371870040893555,25.59065818786621,15
candidate,generator_bits,8,32,h,5.4735541343688965,5.2787861824035645,5.645096302032471,5.462586879730225,5.498111248016357,15
candidate,generator_bits,8,32,mul,38.317203521728516,37.61943244934082,40.3829402923584,37.69500923156738,40.22669792175293,15
candidate,generator_bits,8,32,s,5.3460798263549805,5.240479946136475,5.510529041290283,5.308826923370361,5.447050094604492,15
candidate,generator_bits,8,33,circuit,7.115116620304609,7.041186400134154,7.253730542732008,7.102863966816604,7.133612122198548,15
candidate,generator_bits,8,33,cnot,9.827700528231533,9.650760535037879,10.156304561730588,9.681817257043088,9.855637059067234,15
candidate,generator_bits,8,33,comm,26.491954456676137,25.99465849905303,26.567710182883523,26.135609019886363,26.502128832267992,15
candidate,generator_bits,8,33,h,5.896288785067472,5.825408935546875,6.2796852805397725,5.888986760919744,6.262403545957623,15
candidate,generator_bits,8,33,mul,37.64235247987689,37.168405243844695,41.86302601207387,37.452773585464016,39.37846605705492,15
candidate,generator_bits,8,33,s,5.833404541015625,5.820553866299716,6.092533920750474,5.825639666933002,5.8592783610026045,15
candidate,generator_bits,8,512,circuit,16.419092814127605,16.25521977742513,16.792986551920574,16.306718190511067,16.538619995117188,15
candidate,generator_bits,8,512,cnot,22.828340530395508,22.581418991088867,22.994915008544922,22.78669548034668,22.886911392211914,15
candidate,generator_bits,8,512,comm,419.0075988769531,416.0830078125,423.5572814941406,417.2032775878906,419.0343322753906,15
candidate,generator_bits,8,512,h,13.07058334350586,13.006131172180176,13.245622634887695,13.021071434020996,13.176997184753418,15
candidate,generator_bits,8,512,mul,648.4451293945312,644.4345703125,671.8572387695312,644.9915771484375,652.094482421875,15
candidate,generator_bits,8,512,s,12.502352714538574,12.377222061157227,12.890298843383789,12.443502426147461,12.703617095947266,15
candidate,generator_bits,8,63,circuit,11.889126570767196,11.83562618840939,12.086656358506945,11.877420092385913,11.95605533337467,15
candidate,generator_bits,8,63,cnot,16.19304644872272,15.96109638516865,16.407235281808035,15.970744783916171,16.22110130673363,15
candidate,generator_bits,8,63,comm,50.48963758680556,50.181718129960316,52.53431532118056,50.26988002232143,51.15650189112103,15
candidate,generator_bits,8,63,h,10.508380223834326,9.951839386470734,10.596582806299603,9.995435926649305,10.542895120287698,15
candidate,generator_bits,8,63,mul,73.94942026289682,73.16306656125992,80.38685050843254,73.54800657242063,80.11816793774801,15
candidate,generator_bits,8,63,s,9.961325024801587,9.732806493365576,10.18903556702629,9.821755545479911,10.02381339905754,15
candidate,generator_bits,8,64,circuit,11.949857076009115,11.799599965413412,12.318399429321289,11.836714426676432,11.97224235534668,15
candidate,generator_bits,8,64,cnot,15.960216522216797,15.849630355834961,16.30270481109619,15.931646347045898,16.260504722595215,15
candidate,generator_bits,8,64,comm,50.79364776611328,50.387062072753906,51.623661041259766,50.438560485839844,51.37618637084961,15
candidate,generator_bits,8,64,h,10.285575866699219,10.131438255310059,10.55423355102539,10.202844619750977,10.297259330749512,15
candidate,generator_bits,8,64,mul,74.65362548828125,73.68342208862305,85.30489349365234,73.75685119628906,79.68060302734375,15
candidate,generator_bits,8,64,s,9.776711463928223,9.615620613098145,9.938080787658691,9.73653793334961,9.867668151855469,15
candidate,generator_bits,8,65,circuit,4.5111891526442305,4.409542142427885,5.746942608173077,4.434712727864583,4.933531775841346,15
candidate,generator_bits,8,65,cnot,6.701620718149038,6.455778151292067,7.608853853665865,6.538899583082933,7.157076322115385,15
candidate,generator_bits,8,65,comm,52.17426006610577,51.71994065504808,71.78548302283654,51.92777193509615,59.09470778245192,15
candidate,generator_bits,8,65,h,2.9779580923227162,2.9506584754356973,4.6874610314002405,2.967541034405048,3.9716280423677883,15
candidate,generator_bits,8,65,mul,83.47762920673077,75.7793719951923,104.81708233173077,78.92221304086539,87.77231069711539,15
candidate,generator_bits,8,65,s,2.981058913010817,2.9413175142728365,3.7252572866586537,2.95562744140625,3.151409442608173,15
candidate,generator_bits,8,8,circuit,2.4267964363098145,2.350330352783203,2.5134881337483725,2.4046632448832193,2.456221262613932,15
candidate,generator_bits,8,8,cnot,3.2943685054779053,3.256122350692749,3.327240467071533,3.284493923187256,3.3160648345947266,15
candidate,generator_bits,8,8,comm,6.357312202453613,6.2942304611206055,6.586392879486084,6.3466033935546875,6.531497001647949,15
candidate,generator_bits,8,8,h,1.9154548645019531,1.8884986639022827,1.9360531568527222,1.9019395112991333,1.9317716360092163,15
candidate,generator_bits,8,8,mul,10.146021842956543,10.095198631286621,10.362188339233398,10.132193565368652,10.336160659790039,15
candidate,generator_bits,8,8,s,1.906772494316101,1.8780678510665894,1.937354564666748,1.8838942050933838,1.9238492250442505,15
candidate,qubit_bits,128,1024,circuit,8070.2041015625,7980.197265625,8115.424479166667,8016.588216145833,8086.900390625,15
candidate,qubit_bits,128,1024,cnot,9898.15234375,9768.228515625,10280.19140625,9812.4189453125,9944.7841796875,15
candidate,qubit_bits,128,1024,comm,7.477819919586182,7.414340972900391,7.636308670043945,7.423460483551025,7.481515407562256,15
candidate,qubit_bits,128,1024,h,7194.27490234375,7133.3212890625,7700.9482421875,7185.505859375,7233.9677734375,15
candidate,qubit_bits,128,1024,mul,20.687419891357422,20.285844802856445,20.991405487060547,20.594993591308594,20.71944808959961,15
candidate,qubit_bits,128,1024,s,7289.48974609375,7147.60302734375,7477.1728515625,7182.75927734375,7342.12255859375,15
candidate,qubit_bits,128,127,circuit,953.5589730971128,931.1228674540682,975.6056430446195,939.0515091863517,956.9697342519685,15
candidate,qubit_bits,128,127,cnot,1101.0268208661416,1095.5544414370079,1127.7476624015749,1098.3252337598426,1115.7777436023623,15
candidate,qubit_bits,128,127,comm,1.4711714616910678,1.4570891613096704,1.4993311363881028,1.4611141174796998,1.473759688730315,15
candidate,qubit_bits,128,127,h,858.7726377952756,846.7233021653543,888.4745324803149,848.4585383858267,863.6862696850394,15
candidate,qubit_bits,128,127,mul,5.800562580739419,5.74176986574188,6.081348329078494,5.755987693005659,5.900966373954232,15
candidate,qubit_bits,128,127,s,862.8557455708661,854.5921505905512,869.3456569881889,859.5646530511812,863.5324187992126,15
candidate,qubit_bits,128,128,circuit,940.9586588541666,932.0305989583334,953.2097981770834,934.349853515625,947.113037109375,15
candidate,qubit_bits,128,128,cnot,1106.7276000976562,1091.4255981445312,1116.2567138671875,1100.0518798828125,1112.7395629882812,15
candidate,qubit_bits,128,128,comm,1.463318943977356,1.449480652809143,1.4776140451431274,1.4575272798538208,1.4635721445083618,15
candidate,qubit_bits,128,128,h,856.7733764648438,845.21484375,873.9369506835938,854.840576171875,865.8701171875,15
candidate,qubit_bits,128,128,mul,5.708853244781494,5.674421787261963,5.800743579864502,5.693614482879639,5.76321268081665,15
candidate,qubit_bits,128,128,s,858.21533203125,849.5127563476562,873.260498046875,853.424072265625,866.803466796875,15
candidate,qubit_bits,128,129,circuit,958.1954134366925,935.938872739018,967.7843992248062,943.8085432816538,960.2477390180878,15
candidate,qubit_bits,128,129,cnot,1120.8565285852712,1101.5650436046512,1129.6001695736434,1102.6853803294573,1122.6053173449613,15
candidate,qubit_bits,128,129,comm,2.3262408352637474,2.281864136688469,2.342155042544816,2.290040600207425,2.3265858731528586,15
candidate,qubit_bits,128,129,h,877.922117248062,872.4462814922481,899.5124757751938,873.8442950581396,888.1469840116279,15
candidate,qubit_bits,128,129,mul,7.985649641170058,7.882051689680233,8.090726630632268,7.9230772506359015,8.015142396438954,15
candidate,qubit_bits,128,129,s,876.2995397286821,862.6882267441861,906.2248062015503,875.7443677325581,895.9191497093024,15
candidate,qubit_bits,128,2048,circuit,16534.84423828125,16462.0361328125,16653.917154947918,16486.721516927082,16625.7255859375,15
candidate,qubit_bits,128,2048,cnot,19940.3076171875,19827.2705078125,20384.46044921875,19857.7880859375,20169.291015625,15
candidate,qubit_bits,128,2048,comm,14.510035514831543,14.3032865524292,14.713208198547363,14.400800704956055,14.553943634033203,15
candidate,qubit_bits,128,2048,h,14741.943359375,14704.1015625,15011.677734375,14728.1494140625,14889.97412109375,15
candidate,qubit_bits,128,2048,mul,38.39731216430664,38.009803771972656,39.28486633300781,38.129486083984375,38.57501220703125,15
candidate,qubit_bits,128,2048,s,14898.193359375,14683.89892578125,15069.82421875,14799.35693359375,14905.0703125,15
candidate,qubit_bits,128,255,circuit,1887.3161764705883,1878.7446078431371,1902.178594771242,1881.7674836601307,1887.506862745098,15
candidate,qubit_bits,128,255,cnot,2198.1669117647057,2170.133823529412,2215.236887254902,2176.113112745098,2202.4969362745096,15
candidate,qubit_bits,128,255,comm,2.2914811676623774,2.2655312930836398,2.3325751809512867,2.2725323845358454,2.296308091107537,15
candidate,qubit_bits,128,255,h,1740.1194852941176,1694.4546568627452,1837.459068627451,1703.9113970588235,1761.6063725490196,15
candidate,qubit_bits,128,255,mul,7.9125899969362745,7.800631893382353,8.503852634803922,7.840145335477941,7.9848742915134805,15
candidate,qubit_bits,128,255,s,1734.354656862745,1705.514705882353,1770.5218137254901,1726.6595588235293,1757.2661764705883,15
candidate,qubit_bits,128,256,circuit,1898.8377278645833,1872.6671549479167,1931.0979817708333,1885.7286783854167,1907.341796875,15
candidate,qubit_bits,128,256,cnot,2197.0062255859375,2186.7828369140625,2251.408935546875,2195.59228515625,2224.004150390625,15
candidate,qubit_bits,128,256,comm,2.291495680809021,2.277155637741089,2.346863269805908,2.291480779647827,2.3106932640075684,15
candidate,qubit_bits,128,256,h,1739.374755859375,1725.1993408203125,1757.9141845703125,1734.8072509765625,1751.6021728515625,15
candidate,qubit_bits,128,256,mul,7.90568208694458,7.810930252075195,7.945895195007324,7.836301803588867,7.915079593658447,15
candidate,qubit_bits,128,256,s,1734.04443359375,1712.3565673828125,1748.504638671875,1728.47998046875,1743.3319091796875,15
candidate,qubit_bits,128,257,circuit,1905.9865434500648,1880.0598249027237,1926.151102464332,1890.3346303501946,1911.0192931258107,15
candidate,qubit_bits,128,257,cnot,2226.8867947470817,2202.349829766537,2258.182271400778,2206.514469844358,2241.777115758755,15
candidate,qubit_bits,128,257,comm,3.158885911281007,3.130446378359071,3.2136078474586576,3.135582118646644,3.1851286535597034,15
candidate,qubit_bits,128,257,h,1748.7282344357977,1729.2679961089493,1767.8238083657589,1744.4116001945524,1749.7517023346304,15
candidate,qubit_bits,128,257,mul,10.04752667497568,9.956765260214008,10.144779190479085,10.03299983280642,10.065615880350194,15
candidate,qubit_bits,128,257,s,1750.3039883268482,1730.8690418287938,1765.802285992218,1749.675826848249,1752.1482247081713,15
candidate,qubit_bits,128,31,circuit,230.0110887096774,225.20003780241936,234.36099210349462,225.76270581317203,233.02566364247312,15
candidate,qubit_bits,128,31,cnot,287.1651650705645,285.93134135584677,288.86561239919354,286.8868920110887,287.7315398185484,15
candidate,qubit_bits,128,31,comm,1.4544456235824093,1.4394123938775831,1.4835326902327999,1.4533740628150202,1.4635568434192288,15
candidate,qubit_bits,128,31,h,208.6339150705645,199.30341166834677,213.66045551915323,200.4827683971774,210.88367880544354,15
candidate,qubit_bits,128,31,mul,5.800821611958165,5.6911183018838205,5.8338618124684976,5.714908722908266,5.807158439390121,15
candidate,qubit_bits,128,31,s,201.18107358870967,196.89810672883064,212.07354145665323,199.03958228326613,205.7619865171371,15
candidate,qubit_bits,128,32,circuit,236.98933919270834,230.5475870768229,241.75262451171875,232.97119140625,237.78619384765625,15
candidate,qubit_bits,128,32,cnot,296.2328643798828,292.4397888183594,301.6681671142578,293.11370849609375,298.1700897216797,15
candidate,qubit_bits,128,32,comm,1.4617940187454224,1.455823540687561,1.5186021327972412,1.458863377571106,1.5006959438323975,15
candidate,qubit_bits,128,32,h,217.7346649169922,204.45823669433594,220.81312561035156,205.11183166503906,219.9452667236328,15
candidate,qubit_bits,128,32,mul,5.809326648712158,5.746861457824707,5.903323650360107,5.772212982177734,5.837480545043945,15
candidate,qubit_bits,128,32,s,207.22198486328125,203.28140258789062,219.43601989746094,205.58865356445312,210.07855224609375,15
candidate,qubit_bits,128,33,circuit,248.02797506313132,244.15214646464648,268.5703125,246.4669349747475,258.156920770202,15
candidate,qubit_bits,128,33,cnot,303.38665956439394,298.70728278882575,349.8412050189394,302.6616062973485,324.16574928977275,15
candidate,qubit_bits,128,33,comm,1.4490743694883403,1.4353136004823628,1.5485214464592212,1.44829409050219,1.520190614642519,15
candidate,qubit_bits,128,33,h,223.6741240530303,221.06070963541666,272.1317175662879,222.4059392755682,234.7473662405303,15
candidate,qubit_bits,128,33,mul,5.759383692885891,5.692799886067708,6.029321843927557,5.747168801047585,5.897079005385891,15
candidate,qubit_bits,128,33,s,224.6661044034091,222.35847241950756,258.0535629734849,224.14206025094697,238.95201526988637,15
candidate,qubit_bits,128,512,circuit,3799.0992838541665,3778.3610026041665,3847.873046875,3787.0823567708335,3808.2548828125,15
candidate,qubit_bits,128,512,cnot,4483.7646484375,4460.052490234375,6852.854248046875,4469.034912109375,4486.297607421875,15
candidate,qubit_bits,128,512,comm,4.0291149616241455,3.9834282398223877,4.149109125137329,3.9962728023529053,4.069983959197998,15
candidate,qubit_bits,128,512,h,3505.92041015625,3480.387451171875,3540.5478515625,3498.759033203125,3533.986328125,15
candidate,qubit_bits,128,512,mul,12.333710670471191,12.235799789428711,12.536486625671387,12.248635292053223,12.351155281066895,15
candidate,qubit_bits,128,512,s,3504.52685546875,3475.392822265625,3548.828125,3479.5634765625,3514.7705078125,15
candidate,qubit_bits,128,63,circuit,465.6187996031746,460.03844246031747,469.70936673280426,460.40013227513225,466.7848048941799,15
candidate,qubit_bits,128,63,cnot,546.1697048611111,542.2311817956349,549.7297557043651,542.8021143353175,547.5273127480159,15
candidate,qubit_bits,128,63,comm,1.476151602608817,1.4585464719742063,1.5011893378363714,1.4668218219091023,1.4946448916480655,15
candidate,qubit_bits,128,63,h,424.72845362103175,418.0656312003968,431.6354476686508,421.39577132936506,431.1781994047619,15
candidate,qubit_bits,128,63,mul,5.72777835906498,5.668882339719742,5.822640555245536,5.717948308066716,5.803224593874008,15
candidate,qubit_bits,128,63,s,424.04771205357144,418.0359312996032,430.04659598214283,421.86594742063494,427.72662450396825,15
candidate,qubit_bits,128,64,circuit,471.16259765625,468.9161376953125,482.4862874348958,469.7655843098958,480.7450764973958,15
candidate,qubit_bits,128,64,cnot,557.6070251464844,550.9554748535156,566.8996276855469,552.9823303222656,564.965576171875,15
candidate,qubit_bits,128,64,comm,1.4820644855499268,1.4662643671035767,1.5501677989959717,1.4714101552963257,1.494114637374878,15
candidate,qubit_bits,128,64,h,432.5904846191406,428.4197692871094,442.3713684082031,431.4994812011719,438.6876525878906,15
candidate,qubit_bits,128,64,mul,5.776901721954346,5.721688270568848,6.060441493988037,5.756636142730713,5.9179463386535645,15
candidate,qubit_bits,128,64,s,433.6675109863281,425.5498352050781,442.169189453125,433.2377014160156,437.8929138183594,15
candidate,qubit_bits,128,65,circuit,477.5607371794872,474.81470352564105,482.63721955128204,477.43721955128206,480.44038461538463,15
candidate,qubit_bits,128,65,cnot,562.8042367788462,560.2751802884616,578.0711538461538,562.5187800480769,573.1595552884615,15
candidate,qubit_bits,128,65,comm,1.494598388671875,1.4732997013972355,1.525472905085637,1.4799998356745794,1.4976549588716948,15
candidate,qubit_bits,128,65,h,440.87415865384617,433.154296875,450.140234375,435.87992788461537,443.1077223557692,15
candidate,qubit_bits,128,65,mul,5.796188119741586,5.727269099308894,5.857183837890625,5.757023737980769,5.833806903545673,15
candidate,qubit_bits,128,65,s,440.55865384615385,432.71859975961536,452.6454927884615,434.1496394230769,448.28725961538464,15
candidate,qubit_bits,128,8,circuit,59.19880167643229,57.469685872395836,60.08233133951823,57.834625244140625,59.7805430094401,15
candidate,qubit_bits,128,8,cnot,76.09875869750977,74.7516975402832,77.63926696777344,75.03477478027344,77.34934997558594,15
candidate,qubit_bits,128,8,comm,1.4647941589355469,1.4551877975463867,1.4915367364883423,1.4588485956192017,1.4757364988327026,15
candidate,qubit_bits,128,8,h,53.944271087646484,50.564605712890625,54.80083084106445,50.86851119995117,54.41617965698242,15
candidate,qubit_bits,128,8,mul,5.758504390716553,5.73045015335083,5.890170574188232,5.750636100769043,5.8410964012146,15
candidate,qubit_bits,128,8,s,51.61492156982422,50.22843551635742,54.73057556152344,50.858341217041016,52.609920501708984,15
candidate,qubit_bits,16,1024,circuit,6165.6357421875,6089.911783854167,6297.403971354167,6126.139322916667,6168.416341145833,15
candidate,qubit_bits,16,1024,cnot,7028.21826171875,6966.6748046875,7296.1630859375,7027.4248046875,7028.54443359375,15
candidate,qubit_bits,16,1024,comm,19.600788116455078,19.21192741394043,21.447181701660156,19.528230667114258,19.669532775878906,15
candidate,qubit_bits,16,1024,h,5736.185546875,5547.5869140625,5887.7158203125,5585.24609375,5828.38916015625,15
candidate,qubit_bits,16,1024,mul,27.9541015625,27.466297149658203,28.238534927368164,27.589004516601562,28.013784408569336,15
candidate,qubit_bits,16,1024,s,5635.96630859375,5510.80322265625,5709.3916015625,5519.388671875,5681.7421875,15
candidate,qubit_bits,16,127,circuit,695.07156332021,684.3968996062993,703.5163221784777,690.4510334645669,697.3117618110236,15
candidate,qubit_bits,16,127,cnot,825.7361589566929,821.6940206692914,862.4149237204724,824.3187130905512,831.2623031496063,15
candidate,qubit_bits,16,127,comm,5.395804337629183,5.358898733544537,5.445365365095965,5.389816644623524,5.402472548597441,15
candidate,qubit_bits,16,127,h,618.7100147637796,608.7111220472441,635.6242618110236,613.5350024606299,634.6195250984252,15
candidate,qubit_bits,16,127,mul,11.640573096087598,11.49595533956693,11.831088328924706,11.539448895792322,11.814107098917322,15
candidate,qubit_bits,16,127,s,637.9798228346457,616.7133366141733,652.7692544291339,634.4426673228346,639.0563484251968,15
candidate,qubit_bits,16,128,circuit,706.297119140625,697.0926920572916,721.8051350911459,703.55224609375,713.0499674479166,15
candidate,qubit_bits,16,128,cnot,840.5100708007812,835.711181640625,860.53466796875,839.7140502929688,856.903076171875,15
candidate,qubit_bits,16,128,comm,5.439122676849365,5.381882190704346,5.544464111328125,5.427876949310303,5.486607551574707,15
candidate,qubit_bits,16,128,h,634.8062744140625,622.5687255859375,651.9749755859375,634.5189208984375,639.46533203125,15
candidate,qubit_bits,16,128,mul,11.624534606933594,11.542598724365234,11.789083480834961,11.615912437438965,11.672775268554688,15
candidate,qubit_bits,16,128,s,635.1038818359375,631.0068969726562,699.9461059570312,633.2550048828125,662.213623046875,15
candidate,qubit_bits,16,129,circuit,713.9437177002584,693.7093023255813,748.6625888242894,700.6755894702842,734.6323885658915,15
candidate,qubit_bits,16,129,cnot,853.429808624031,831.0572311046511,874.7855499031008,851.6306322674419,864.6615188953489,15
candidate,qubit_bits,16,129,comm,5.925713590873304,5.858527604923692,5.963584249333818,5.873490681019864,5.947714162427325,15
candidate,qubit_bits,16,129,h,642.9389534883721,621.2678657945736,646.804808624031,628.0810925387597,643.1332364341085,15
candidate,qubit_bits,16,129,mul,12.788796594900678,12.6397582061531,12.982154077337693,12.75248398891715,12.895845634992732,15
candidate,qubit_bits,16,129,s,647.7284399224807,628.5428779069767,652.8156492248062,640.1203367248062,648.2280765503876,15
candidate,qubit_bits,16,2048,circuit,14904.215494791666,14553.019205729166,15233.384765625,14717.122395833334,15001.681803385416,15
candidate,qubit_bits,16,2048,cnot,15176.7783203125,15082.68212890625,19440.775390625,15142.08984375,15223.24609375,15
candidate,qubit_bits,16,2048,comm,21.413326263427734,21.219810485839844,23.864665985107422,21.380821228027344,21.562576293945312,15
candidate,qubit_bits,16,2048,h,14712.748046875,14490.7021484375,15196.73681640625,14556.57958984375,15115.88525390625,15
candidate,qubit_bits,16,2048,mul,34.60955619812012,34.098148345947266,35.07049751281738,34.17714309692383,34.85290336608887,15
candidate,qubit_bits,16,2048,s,14851.5625,14497.6396484375,15161.1533203125,14636.5966796875,15091.654296875,15
candidate,qubit_bits,16,255,circuit,1397.3617647058823,1386.7102124183007,1655.0653594771243,1392.919362745098,1564.6888888888889,15
candidate,qubit_bits,16,255,cnot,1668.8317401960785,1647.298774509804,1688.3783088235293,1654.6517156862744,1674.6629901960785,15
candidate,qubit_bits,16,255,comm,9.11268861060049,9.008669385723039,9.220058785232844,9.069584865196079,9.120247874540441,15
candidate,qubit_bits,16,255,h,1273.0290441176471,1257.4498774509805,1323.6008578431372,1267.6623774509803,1311.0497549019608,15
candidate,qubit_bits,16,255,mul,21.001598881740197,20.904582184436276,21.648810891544116,20.930350030637253,21.275658700980394,15
candidate,qubit_bits,16,255,s,1276.5113970588236,1263.1689950980392,1315.1909313725491,1276.2867647058824,1278.4109068627452,15
candidate,qubit_bits,16,256,circuit,1427.951416015625,1383.7347819010417,1442.7354329427083,1393.2562662760417,1437.0015462239583,15
candidate,qubit_bits,16,256,cnot,1678.166748046875,1656.04150390625,1704.2083740234375,1662.56201171875,1699.0152587890625,15
candidate,qubit_bits,16,256,comm,9.12320613861084,9.031474590301514,9.320397853851318,9.045083999633789,9.139438152313232,15
candidate,qubit_bits,16,256,h,1281.7178955078125,1262.2171630859375,1307.795166015625,1279.18505859375,1287.9486083984375,15
candidate,qubit_bits,16,256,mul,21.27130889892578,21.039485931396484,21.482149124145508,21.074851989746094,21.372716903686523,15
candidate,qubit_bits,16,256,s,1290.873291015625,1269.9737548828125,1322.6064453125,1283.1014404296875,1296.1578369140625,15
candidate,qubit_bits,16,257,circuit,1451.1659370946822,1398.9644130998704,1481.8417639429313,1432.6159208819715,1461.9811932555124,15
candidate,qubit_bits,16,257,cnot,1708.242096303502,1658.4437013618676,1742.1571011673152,1698.0787937743191,1722.9349464980544,15
candidate,qubit_bits,16,257,comm,9.693309026933365,9.568507569309338,9.908792102383268,9.684561762828308,9.868933532952335,15
candidate,qubit_bits,16,257,h,1301.070038910506,1258.8055690661479,1341.236989299611,1281.7971789883268,1315.007903696498,15
candidate,qubit_bits,16,257,mul,9.963573648771888,9.90562587396644,10.109986776507782,9.93226380107004,10.09767619923395,15
candidate,qubit_bits,16,257,s,1319.790612840467,1270.6812986381324,1339.3015564202335,1283.9959873540856,1321.346060311284,15
candidate,qubit_bits,16,31,circuit,479.60113197244624,151.2621807795699,506.313970094086,151.96879200268816,499.9623760920699,15
candidate,qubit_bits,16,31,cnot,189.53123424899192,188.6019247731855,194.20402280745967,189.31398059475808,193.87915826612902,15
candidate,qubit_bits,16,31,comm,2.6297415456464215,2.5972450010238157,2.69256099577873,2.6226558070028982,2.679137691374748,15
candidate,qubit_bits,16,31,h,129.93597215221774,128.98238249747985,133.40546244959677,129.13397807459677,132.2569540700605,15
candidate,qubit_bits,16,31,mul,10.118279733965474,5.1895057924332155,10.391871298513104,5.261964859501008,10.207657844789567,15
candidate,qubit_bits,16,31,s,130.7635537424395,129.96518239667338,135.30279737903226,130.54435483870967,133.77987178679436,15
candidate,qubit_bits,16,32,circuit,502.3710428873698,155.84902954101562,527.0500183105469,157.87802124023438,504.9434305826823,15
candidate,qubit_bits,16,32,cnot,196.2877960205078,193.48654174804688,200.16989135742188,194.69833374023438,197.39976501464844,15
candidate,qubit_bits,16,32,comm,2.63140606880188,2.5940041542053223,2.6569266319274902,2.6102166175842285,2.643704414367676,15
candidate,qubit_bits,16,32,h,138.75484466552734,134.4308853149414,141.32149505615234,134.88642120361328,140.54615783691406,15
candidate,qubit_bits,16,32,mul,9.75865125656128,5.061288356781006,10.06797981262207,5.134125709533691,9.918292045593262,15
candidate,qubit_bits,16,32,s,135.88968658447266,133.12467193603516,139.60838317871094,133.99569702148438,137.0833740234375,15
candidate,qubit_bits,16,33,circuit,517.08984375,162.06663312815655,528.3729285037879,163.70162563131314,523.4029750631313,15
candidate,qubit_bits,16,33,cnot,204.78836706912878,202.125,208.03000710227272,202.72179805871212,204.9659238873106,15
candidate,qubit_bits,16,33,comm,3.113842819676255,3.0717754941998106,3.2382733894116953,3.091657927542022,3.1281865437825522,15
candidate,qubit_bits,16,33,h,142.63669655539772,140.50323301373106,149.46862423058712,141.08707682291666,145.38142163825756,15
candidate,qubit_bits,16,33,mul,10.789119836055871,6.157210378935843,11.015015573212594,6.187207771070076,10.887049357096354,15
candidate,qubit_bits,16,33,s,142.56764914772728,140.56396484375,144.50905539772728,142.12252160274622,142.7640047940341,15
candidate,qubit_bits,16,512,circuit,2870.6189778645835,2767.3746744791665,2899.8955078125,2814.74462890625,2881.29345703125,15
candidate,qubit_bits,16,512,cnot,3422.505615234375,3362.6708984375,3495.3408203125,3384.2265625,3468.597412109375,15
candidate,qubit_bits,16,512,comm,17.445643424987793,16.97564125061035,19.742806434631348,17.049232482910156,17.600695610046387,15
candidate,qubit_bits,16,512,h,2504.201171875,2465.728759765625,2638.936279296875,2494.61865234375,2559.173583984375,15
candidate,qubit_bits,16,512,mul,24.807214736938477,24.641355514526367,25.256315231323242,24.79783821105957,25.177797317504883,15
candidate,qubit_bits,16,512,s,2535.2275390625,2480.621337890625,2638.8447265625,2522.491455078125,2633.6162109375,15
candidate,qubit_bits,16,63,circuit,977.8611317791006,324.738033234127,993.7625661375662,331.88570601851853,983.2520254629629,15
candidate,qubit_bits,16,63,cnot,405.23856026785717,400.3221726190476,414.23558407738096,403.20145089285717,407.36607142857144,15
candidate,qubit_bits,16,63,comm,3.5129525320870534,3.4577203175378224,3.721983894469246,3.480012923952133,3.5240536644345237,15
candidate,qubit_bits,16,63,h,298.6511501736111,289.72000558035717,301.1603732638889,295.2351345486111,299.11232018849205,15
candidate,qubit_bits,16,63,mul,10.535790337456596,7.2379339308965776,10.723557729569693,7.276242210751488,10.633741106305804,15
candidate,qubit_bits,16,63,s,300.40728856646825,293.9550006200397,304.3768291170635,294.9431888640873,303.65345982142856,15
candidate,qubit_bits,16,64,circuit,997.3042805989584,341.74346923828125,1011.6916300455729,342.4123128255208,997.9832967122396,15
candidate,qubit_bits,16,64,cnot,411.0158386230469,407.8801574707031,415.6494140625,409.8459777832031,412.45269775390625,15
candidate,qubit_bits,16,64,comm,3.5152931213378906,3.449251174926758,3.7487447261810303,3.4811694622039795,3.5719075202941895,15
candidate,qubit_bits,16,64,h,300.25482177734375,296.30152893066406,307.6597900390625,298.54139709472656,301.0883331298828,15
candidate,qubit_bits,16,64,mul,10.379572868347168,7.114887237548828,10.647853374481201,7.141530513763428,10.473191738128662,15
candidate,qubit_bits,16,64,s,307.24334716796875,299.4956970214844,309.5041809082031,306.799560546875,307.46142578125,15
candidate,qubit_bits,16,65,circuit,346.828265224359,342.82101362179486,395.71478365384615,344.68149038461536,367.16410256410256,15
candidate,qubit_bits,16,65,cnot,418.94906850961536,415.61625600961537,526.9543870192308,418.57220552884615,495.7932692307692,15
candidate,qubit_bits,16,65,comm,4.044508244441106,3.9467249943659857,4.609983238807091,4.0208181527944715,4.06036376953125,15
candidate,qubit_bits,16,65,h,311.8877704326923,305.53260216346155,321.81490384615387,308.61126802884615,319.4636418269231,15
candidate,qubit_bits,16,65,mul,8.555877216045673,8.327777569110577,12.169881967397837,8.464989295372597,10.002625450721155,15
candidate,qubit_bits,16,65,s,312.8743389423077,306.15360576923075,344.1594050480769,309.32992788461536,320.5015324519231,15
candidate,qubit_bits,16,8,circuit,123.9614486694336,45.37518819173177,125.90069325764973,46.19429016113281,125.63080342610677,15
candidate,qubit_bits,16,8,cnot,53.139686584472656,51.91326141357422,76.66937255859375,52.81686782836914,53.2716064453125,15
candidate,qubit_bits,16,8,comm,2.076253294944763,2.0592610836029053,2.0988434553146362,2.0708690881729126,2.0951976776123047,15
candidate,qubit_bits,16,8,h,41.36387252807617,40.862083435058594,42.15939712524414,41.063785552978516,41.84389114379883,15
candidate,qubit_bits,16,8,mul,9.80338454246521,4.265040159225464,10.066787242889404,4.421889781951904,9.925484657287598,15
candidate,qubit_bits,16,8,s,44.42230987548828,43.056488037109375,44.902008056640625,43.53697967529297,44.57457733154297,15
candidate,qubit_bits,32,1024,circuit,6377.3056640625,6261.271158854167,6427.70703125,6366.509114583333,6393.703776041667,15
candidate,qubit_bits,32,1024,cnot,7068.19677734375,6970.31640625,7116.27197265625,6993.10302734375,7093.07861328125,15
candidate,qubit_bits,32,1024,comm,11.04720401763916,10.757723808288574,11.861762046813965,10.898788452148438,11.45044994354248,15
candidate,qubit_bits,32,1024,h,6031.9013671875,5953.43017578125,6223.3076171875,5976.806640625,6135.92529296875,15
candidate,qubit_bits,32,1024,mul,18.367488861083984,18.120527267456055,18.830418586730957,18.34285259246826,18.59410572052002,15
candidate,qubit_bits,32,1024,s,5893.16796875,5699.40185546875,5954.50830078125,5822.3671875,5914.5712890625,15
candidate,qubit_bits,32,127,circuit,705.5343667979002,685.3828330052494,723.0509760498687,696.8537975721785,717.2001312335958,15
candidate,qubit_bits,32,127,cnot,828.5581323818898,817.8980068897638,838.4673351377953,826.5153174212599,831.1085137795276,15
candidate,qubit_bits,32,127,comm,3.4895367960291583,3.442599078801673,3.567322738527313,3.4617828609436514,3.506567767285925,15
candidate,qubit_bits,32,127,h,641.8220349409448,625.8278789370079,649.3089320866142,629.9699803149606,643.0138410433071,15
candidate,qubit_bits,32,127,mul,7.104067824956939,7.07064651128814,7.224456066221703,7.084844153697096,7.165603277251476,15
candidate,qubit_bits,32,127,s,627.3068405511812,616.7979207677165,641.8732775590552,623.7132750984252,632.1050688976378,15
candidate,qubit_bits,32,128,circuit,727.0558675130209,696.8367106119791,732.7033284505209,702.5773518880209,727.1389567057291,15
candidate,qubit_bits,32,128,cnot,848.2742309570312,830.8029174804688,862.909912109375,843.5084228515625,852.752685546875,15
candidate,qubit_bits,32,128,comm,3.4718613624572754,3.4478206634521484,3.5359957218170166,3.4709174633026123,3.4782886505126953,15
candidate,qubit_bits,32,128,h,663.691162109375,626.9760131835938,668.6325073242188,632.5531005859375,664.9754638671875,15
candidate,qubit_bits,32,128,mul,7.085005283355713,7.063865661621094,7.118602275848389,7.070104598999023,7.093389511108398,15
candidate,qubit_bits,32,128,s,640.2689819335938,624.956787109375,647.30322265625,627.9703979492188,641.558349609375,15
candidate,qubit_bits,32,129,circuit,724.1551598837209,695.265382751938,735.1000484496124,701.5520833333334,730.0279796511628,15
candidate,qubit_bits,32,129,cnot,848.3905644379845,833.8152858527131,861.1968871124031,837.4869186046511,852.2791908914729,15
candidate,qubit_bits,32,129,comm,3.9556537007176598,3.910439188166182,4.321756288986798,3.937240718871124,3.9973492289698402,15
candidate,qubit_bits,32,129,h,669.5181686046511,629.9181201550388,680.0508720930233,636.6683018410853,674.867793120155,15
candidate,qubit_bits,32,129,mul,8.250056776889535,8.156453450520834,8.46190554596657,8.191958878391473,8.37467022089995,15
candidate,qubit_bits,32,129,s,651.1173691860465,647.4937015503876,666.9821342054264,650.3452034883721,663.093507751938,15
candidate,qubit_bits,32,2048,circuit,14900.661946614584,14819.53271484375,15675.828776041666,14870.083170572916,14945.237955729166,15
candidate,qubit_bits,32,2048,cnot,15276.5302734375,15092.42724609375,15520.69091796875,15169.71826171875,15304.0361328125,15
candidate,qubit_bits,32,2048,comm,12.814720153808594,12.583613395690918,13.812383651733398,12.701550483703613,12.816905975341797,15
candidate,qubit_bits,32,2048,h,14747.0703125,14362.4267578125,15038.53369140625,14526.123046875,14787.65869140625,15
candidate,qubit_bits,32,2048,mul,24.11286163330078,23.894071578979492,24.391651153564453,24.054208755493164,24.213233947753906,15
candidate,qubit_bits,32,2048,s,14603.3525390625,14389.017578125,14925.84228515625,14568.52197265625,14838.2568359375,15
candidate,qubit_bits,32,255,circuit,1414.3927287581698,1388.8378267973856,1577.685866013072,1408.7895424836602,1536.9008986928104,15
candidate,qubit_bits,32,255,cnot,1684.436274509804,1671.3541666666667,1888.4394607843137,1679.6363970588236,1695.9099264705883,15
candidate,qubit_bits,32,255,comm,5.314646043964461,5.273796530330882,5.589803059895833,5.312611538756127,5.353580729166667,15
candidate,qubit_bits,32,255,h,1287.939093137255,1249.070588235294,1303.1148284313726,1261.9025735294117,1295.3431372549019,15
candidate,qubit_bits,32,255,mul,11.752657781862744,11.696449908088235,11.883106426164217,11.727685546875,11.853386374080882,15
candidate,qubit_bits,32,255,s,1290.9007352941176,1246.5481617647058,1314.3995098039215,1289.2821078431373,1294.7150735294117,15
candidate,qubit_bits,32,256,circuit,1438.2357584635417,1418.2535807291667,1527.34375,1435.4756673177083,1464.263916015625,15
candidate,qubit_bits,32,256,cnot,1702.128173828125,1677.8818359375,1900.416015625,1684.8653564453125,1753.55029296875,15
candidate,qubit_bits,32,256,comm,5.450705528259277,5.285898685455322,5.949815273284912,5.301217079162598,5.4836273193359375,15
candidate,qubit_bits,32,256,h,1302.8055419921875,1251.0782470703125,1345.8963623046875,1264.6383056640625,1327.1383056640625,15
candidate,qubit_bits,32,256,mul,11.829018592834473,11.687954902648926,11.964638710021973,11.739015579223633,11.94469165802002,15
candidate,qubit_bits,32,256,s,1317.5863037109375,1284.3831787109375,1327.6519775390625,1313.2528076171875,1320.2362060546875,15
candidate,qubit_bits,32,257,circuit,1449.2204118028535,1429.5085116731518,1525.744406614786,1434.7337062256809,1463.6395914396887,15
candidate,qubit_bits,32,257,cnot,1688.7260457198443,1663.8548151750972,1704.9185311284048,1682.306906614786,1697.5266293774318,15
candidate,qubit_bits,32,257,comm,5.915838456803259,5.823573249787208,7.01393691482247,5.881956582867218,6.340966606882295,15
candidate,qubit_bits,32,257,h,1371.8942120622569,1314.0047422178989,1397.8599221789884,1320.5454766536966,1375.070890077821,15
candidate,qubit_bits,32,257,mul,9.183218039427286,9.095089448565176,9.346552392388132,9.147139374848006,9.288070263101897,15
candidate,qubit_bits,32,257,s,1314.7951118677042,1290.8053258754865,1364.7656857976654,1308.3505593385214,1361.8525048638132,15
candidate,qubit_bits,32,31,circuit,152.09829679099462,150.29655997983872,155.7962869623656,152.0943590389785,152.87359290994624,15
candidate,qubit_bits,32,31,cnot,190.37586630544354,187.89574407762098,191.88534841229838,188.5953408518145,191.7357138356855,15
candidate,qubit_bits,32,31,comm,2.1956351495558217,2.163569173505229,2.2500612812657512,2.1695372058499243,2.2121808451990925,15
candidate,qubit_bits,32,31,h,133.34147397933467,131.4119676159274,137.02589465725808,132.06105090725808,136.43655493951613,15
candidate,qubit_bits,32,31,mul,4.4009197604271675,4.3483960551600305,9.912972973239038,4.388419612761466,9.8708983390562,15
candidate,qubit_bits,32,31,s,129.770263671875,128.24044701360887,136.21865549395162,128.9597404233871,134.3734879032258,15
candidate,qubit_bits,32,32,circuit,160.84162394205728,157.93058268229166,164.16253662109375,158.33112589518228,162.88545735677084,15
candidate,qubit_bits,32,32,cnot,199.3192138671875,196.37489318847656,200.50303649902344,197.70941162109375,199.82846069335938,15
candidate,qubit_bits,32,32,comm,2.1925469636917114,2.1510273218154907,2.220556139945984,2.1543999910354614,2.2092710733413696,15
candidate,qubit_bits,32,32,h,142.6105499267578,135.4656219482422,144.439697265625,137.63299560546875,143.66531372070312,15
candidate,qubit_bits,32,32,mul,4.38271951675415,4.3124754428863525,9.916285753250122,4.350085973739624,9.397635698318481,15
candidate,qubit_bits,32,32,s,138.3380889892578,136.07215881347656,142.15786743164062,137.62029266357422,141.40637969970703,15
candidate,qubit_bits,32,33,circuit,166.31155303030303,162.32802635732324,168.53347932449495,165.15701941287878,166.34074139835857,15
candidate,qubit_bits,32,33,cnot,204.38146602746212,200.62748579545453,208.31976503314394,203.98258463541666,205.42336943655303,15
candidate,qubit_bits,32,33,comm,2.6378728693181817,2.6250897031841856,2.722383903734612,2.6377283732096353,2.671444054805871,15
candidate,qubit_bits,32,33,h,148.73218513257575,139.6502870501894,153.71118903882575,142.46654533617425,151.52501331676137,15
candidate,qubit_bits,32,33,mul,5.150650486801609,5.083064686168324,10.313843235825047,5.124737826260653,10.1214511755741,15
candidate,qubit_bits,32,33,s,140.96778083570075,139.54733368844697,144.2350186434659,140.52234996448863,144.0978338068182,15
candidate,qubit_bits,32,512,circuit,2909.3287760416665,2855.7332356770835,2934.38037109375,2877.5294596354165,2914.794921875,15
candidate,qubit_bits,32,512,cnot,3421.2646484375,3366.994140625,3470.489501953125,3397.5322265625,3440.032958984375,15
candidate,qubit_bits,32,512,comm,9.159425735473633,9.096423625946045,9.255012035369873,9.15670394897461,9.22145414352417,15
candidate,qubit_bits,32,512,h,2682.464599609375,2587.453125,2746.307373046875,2621.429443359375,2697.52001953125,15
candidate,qubit_bits,32,512,mul,15.676060676574707,15.430013656616211,16.03996753692627,15.623648643493652,15.6765775680542,15
candidate,qubit_bits,32,512,s,2609.82275390625,2543.314453125,2692.677734375,2594.523193359375,2650.390625,15
candidate,qubit_bits,32,63,circuit,339.1780753968254,329.10414599867727,346.4290881283069,332.966476521164,340.48015873015873,15
candidate,qubit_bits,32,63,cnot,405.72296626984127,401.06749131944446,417.4920944940476,403.4469246031746,413.9643167162698,15
candidate,qubit_bits,32,63,comm,2.5699554927765376,2.5523555695064486,2.635622781420511,2.5563112289186507,2.604802449544271,15
candidate,qubit_bits,32,63,h,305.58655753968253,293.2916666666667,320.1788039434524,298.908203125,315.1274181547619,15
candidate,qubit_bits,32,63,mul,5.126468718998016,5.018648177858383,10.08735099671379,5.045249817863343,9.78427463107639,15
candidate,qubit_bits,32,63,s,302.31972346230157,291.8727058531746,311.04871961805554,294.8411458333333,305.58914620535717,15
candidate,qubit_bits,32,64,circuit,344.2349039713542,339.1732177734375,352.7518310546875,343.50669352213544,349.35931396484375,15
candidate,qubit_bits,32,64,cnot,416.4314270019531,407.3397216796875,419.22760009765625,408.4371032714844,418.64013671875,15
candidate,qubit_bits,32,64,comm,2.599010944366455,2.568185329437256,2.7676026821136475,2.5740365982055664,2.620736837387085,15
candidate,qubit_bits,32,64,h,306.7970275878906,303.03955078125,317.3014373779297,306.21337890625,310.61109924316406,15
candidate,qubit_bits,32,64,mul,5.259116172790527,5.028486251831055,9.828706741333008,5.038996696472168,9.758472442626953,15
candidate,qubit_bits,32,64,s,312.353759765625,296.55712890625,338.9943542480469,298.65771484375,318.2258605957031,15
candidate,qubit_bits,32,65,circuit,356.7466145833333,351.57752403846155,384.9417267628205,352.14427083333334,360.9024439102564,15
candidate,qubit_bits,32,65,cnot,421.81742788461537,416.0131310096154,431.26253004807694,417.76216947115387,425.34555288461536,15
candidate,qubit_bits,32,65,comm,3.067231867863582,3.0360980694110578,3.112010310246394,3.0594752385066104,3.073912400465745,15
candidate,qubit_bits,32,65,h,312.65087139423076,310.84609375,320.24864783653845,312.3334735576923,316.7267728365385,15
candidate,qubit_bits,32,65,mul,6.108601731520433,6.056800255408654,6.182215763972356,6.092932598407452,6.146240234375,15
candidate,qubit_bits,32,65,s,308.990625,302.89212740384613,318.24170673076924,304.9115985576923,317.02974759615387,15
candidate,qubit_bits,32,8,circuit,33.818773905436196,33.49537150065104,35.92692565917969,33.75265248616537,33.98280588785807,15
candidate,qubit_bits,32,8,cnot,36.23740005493164,35.965362548828125,40.173927307128906,36.20743751525879,39.97445106506348,15
candidate,qubit_bits,32,8,comm,2.1020472049713135,2.0656535625457764,2.1263163089752197,2.0682215690612793,2.1156171560287476,15
candidate,qubit_bits,32,8,h,31.908355712890625,31.052276611328125,32.63664245605469,31.63520622253418,31.96040916442871,15
candidate,qubit_bits,32,8,mul,4.2273900508880615,4.18815016746521,9.719610214233398,4.216412782669067,9.540091037750244,15
candidate,qubit_bits,32,8,s,31.926315307617188,31.429767608642578,32.188018798828125,31.923372268676758,32.00372123718262,15
candidate,qubit_bits,64,1024,circuit,6135.8642578125,6060.953776041667,6217.325846354167,6124.471028645833,6169.121744791667,15
candidate,qubit_bits,64,1024,cnot,7034.56640625,6944.7021484375,7198.73046875,7012.1865234375,7126.708984375,15
candidate,qubit_bits,64,1024,comm,6.868938446044922,6.781876087188721,7.150888442993164,6.800572395324707,6.891707420349121,15
candidate,qubit_bits,64,1024,h,5690.47021484375,5542.8056640625,5897.80712890625,5670.7763671875,5807.67822265625,15
candidate,qubit_bits,64,1024,mul,13.887405395507812,13.778606414794922,14.074007987976074,13.850808143615723,13.98154067993164,15
candidate,qubit_bits,64,1024,s,5730.02099609375,5574.7275390625,5901.9775390625,5712.60595703125,5820.84130859375,15
candidate,qubit_bits,64,127,circuit,704.3040518372703,692.1803231627297,712.1678149606299,699.082062007874,708.8715961286089,15
candidate,qubit_bits,64,127,cnot,823.7291461614174,814.3070250984252,849.0813853346457,822.0989788385826,838.2443405511812,15
candidate,qubit_bits,64,127,comm,2.450597567821112,2.382073229692114,2.468349426750123,2.3938977098840426,2.4520994171382875,15
candidate,qubit_bits,64,127,h,628.2167199803149,616.2263164370079,638.7410802165355,622.3214812992126,634.3888410433071,15
candidate,qubit_bits,64,127,mul,4.950095349409449,4.926005686361958,5.064616526205708,4.945629690575787,5.026409479576771,15
candidate,qubit_bits,64,127,s,624.3900098425197,607.3449803149606,635.2859251968504,617.4079109251968,631.8846579724409,15
candidate,qubit_bits,64,128,circuit,704.8797607421875,686.9286702473959,723.6531575520834,695.9923909505209,717.28173828125,15
candidate,qubit_bits,64,128,cnot,831.9676513671875,827.283203125,854.2988891601562,831.3013305664062,846.2422485351562,15
candidate,qubit_bits,64,128,comm,2.402236223220825,2.3910105228424072,2.446462631225586,2.397477626800537,2.4351577758789062,15
candidate,qubit_bits,64,128,h,633.819580078125,624.0742797851562,645.599365234375,627.9373168945312,641.1590576171875,15
candidate,qubit_bits,64,128,mul,4.9334564208984375,4.896740436553955,5.025307655334473,4.910409450531006,5.008816719055176,15
candidate,qubit_bits,64,128,s,631.4722290039062,619.2703247070312,647.1481323242188,630.1244506835938,640.6377563476562,15
candidate,qubit_bits,64,129,circuit,706.1160771963824,689.2310642764858,727.1580264857881,700.1709060077519,714.6469234496124,15
candidate,qubit_bits,64,129,cnot,843.8660973837209,825.7378875968992,867.8637960271318,837.1285731589147,864.6943435077519,15
candidate,qubit_bits,64,129,comm,2.8963606486948885,2.876567515291909,2.9315899989401646,2.890426754027374,2.9139458708060806,15
candidate,qubit_bits,64,129,h,635.4722020348837,620.3846899224807,655.3617369186046,630.7836724806201,644.2764050387597,15
candidate,qubit_bits,64,129,mul,5.977167173873546,5.929419229196948,6.097009939740794,5.9675274043120154,5.977699457212936,15
candidate,qubit_bits,64,129,s,635.2274103682171,615.6936167635658,651.9551235465116,623.609617248062,642.3611312984497,15
candidate,qubit_bits,64,2048,circuit,14835.008463541666,14716.796875,15126.7158203125,14810.4384765625,15097.5341796875,15
candidate,qubit_bits,64,2048,cnot,15170.654296875,15113.7490234375,15470.15380859375,15154.4189453125,15333.49609375,15
candidate,qubit_bits,64,2048,comm,8.694151878356934,8.65413761138916,9.15686321258545,8.67335033416748,8.844932079315186,15
candidate,qubit_bits,64,2048,h,14831.48193359375,14536.0107421875,15007.75146484375,14683.14599609375,14864.2578125,15
candidate,qubit_bits,64,2048,mul,20.303409576416016,20.11386489868164,20.824115753173828,20.22417449951172,20.39361000061035,15
candidate,qubit_bits,64,2048,s,14641.255859375,14455.89208984375,15054.5244140625,14603.04736328125,14742.9404296875,15
candidate,qubit_bits,64,255,circuit,1410.4949346405228,1372.109885620915,1464.358660130719,1385.4848039215685,1416.867565359477,15
candidate,qubit_bits,64,255,cnot,1664.425,1641.5900735294117,1683.2517156862746,1654.26875,1673.769362745098,15
candidate,qubit_bits,64,255,comm,3.3845889820772057,3.3479477826286765,3.4968455595128676,3.3608929802389707,3.384997797947304,15
candidate,qubit_bits,64,255,h,1264.2361519607844,1243.5560049019607,1299.938725490196,1254.3045343137255,1295.9405637254902,15
candidate,qubit_bits,64,255,mul,7.085882448682598,6.969795975030637,7.138320982689951,7.006297392003677,7.089213771446079,15
candidate,qubit_bits,64,255,s,1278.1147058823528,1236.2846813725491,1315.7985294117648,1246.7422794117647,1278.2169117647059,15
candidate,qubit_bits,64,256,circuit,1438.8597005208333,1412.41455078125,1463.7010091145833,1436.5336100260417,1445.580322265625,15
candidate,qubit_bits,64,256,cnot,1717.183349609375,1666.7225341796875,1737.091064453125,1680.908203125,1727.071044921875,15
candidate,qubit_bits,64,256,comm,3.348747968673706,3.3217766284942627,3.6466121673583984,3.323972225189209,3.361900806427002,15
candidate,qubit_bits,64,256,h,1310.3841552734375,1285.3851318359375,1446.47216796875,1303.9398193359375,1412.1297607421875,15
candidate,qubit_bits,64,256,mul,7.077733516693115,7.027705669403076,8.497277736663818,7.064680576324463,7.148683071136475,15
candidate,qubit_bits,64,256,s,1308.6903076171875,1295.7559814453125,1328.8319091796875,1307.70361328125,1313.3189697265625,15
candidate,qubit_bits,64,257,circuit,1422.5573119325552,1401.3591115434501,1452.5440175097276,1409.8877269779507,1439.4623865110245,15
candidate,qubit_bits,64,257,cnot,1693.909046692607,1663.2366245136186,1737.0753891050583,1674.6260943579766,1713.9773832684825,15
candidate,qubit_bits,64,257,comm,3.778826405566026,3.754483352839251,3.7881873461059095,3.768248086773468,3.778875803669139,15
candidate,qubit_bits,64,257,h,1290.6128404669262,1270.559703307393,1326.0527723735408,1284.7508511673152,1320.7178988326848,15
candidate,qubit_bits,64,257,mul,9.052024277267753,8.951743753039883,9.21508124088035,9.036527997324903,9.147693678562744,15
candidate,qubit_bits,64,257,s,1292.4975680933853,1263.5781857976654,1324.553137159533,1282.7598492217899,1313.427164396887,15
candidate,qubit_bits,64,31,circuit,127.64661038306451,126.56066238239248,129.75942960349462,127.58754410282258,129.38578419018816,15
candidate,qubit_bits,64,31,cnot,137.55158455141128,137.02852507560485,143.0723128780242,137.43672820060485,138.25151997227823,15
candidate,qubit_bits,64,31,comm,1.9860113820722025,1.9738956574470765,2.0207641355453,1.9761516201880671,1.9983989346411921,15
candidate,qubit_bits,64,31,h,121.49080141129032,119.37492124495968,127.48702116935483,119.67386750252017,123.70447958669355,15
candidate,qubit_bits,64,31,mul,4.113423009072581,4.0710611651020665,4.200750781643775,4.077244912424395,4.168602728074597,15
candidate,qubit_bits,64,31,s,121.86226530997983,118.662841796875,159.9393507434476,121.26668819304436,122.65408423639113,15
candidate,qubit_bits,64,32,circuit,131.77405802408853,129.34070841471353,133.96919759114584,131.15988159179688,132.2174072265625,15
candidate,qubit_bits,64,32,cnot,142.91954040527344,140.72640991210938,148.51443481445312,142.02308654785156,143.10201263427734,15
candidate,qubit_bits,64,32,comm,1.9874472618103027,1.9625773429870605,2.002994179725647,1.9789735078811646,1.999184489250183,15
candidate,qubit_bits,64,32,h,126.47819519042969,122.87235260009766,138.2907257080078,123.11553955078125,128.22278594970703,15
candidate,qubit_bits,64,32,mul,4.10732626914978,4.052549600601196,4.122644662857056,4.059533357620239,4.113316535949707,15
candidate,qubit_bits,64,32,s,126.49885559082031,122.71435546875,127.01161193847656,123.31803131103516,126.78146362304688,15
candidate,qubit_bits,64,33,circuit,181.76351404671718,175.5630030776515,203.09252683080808,177.3907630997475,198.2639678030303,15
candidate,qubit_bits,64,33,cnot,213.16867897727272,209.89990234375,242.70044685132575,211.0416962594697,230.62165601325756,15
candidate,qubit_bits,64,33,comm,1.9856848283247515,1.9658070188580137,2.0012373490767046,1.9778242400198272,1.9892586216782078,15
candidate,qubit_bits,64,33,h,162.24748461174244,159.412109375,167.58158735795453,162.07916074810606,166.76469282670453,15
candidate,qubit_bits,64,33,mul,4.168346751819957,4.141865354595763,4.212851322058476,4.167537342418324,4.171438968542851,15
candidate,qubit_bits,64,33,s,163.78076171875,159.4472508285985,189.720703125,161.89050662878788,179.63386304450756,15
candidate,qubit_bits,64,512,circuit,2881.4493815104165,2855.5974934895835,2920.4440104166665,2875.6442057291665,2886.0812174479165,15
candidate,qubit_bits,64,512,cnot,3407.2265625,3379.679443359375,3468.170166015625,3383.443115234375,3442.921875,15
candidate,qubit_bits,64,512,comm,5.366802215576172,5.296806335449219,5.702237129211426,5.3300065994262695,5.374391555786133,15
candidate,qubit_bits,64,512,h,2627.55322265625,2577.9013671875,2678.151611328125,2612.813232421875,2639.923095703125,15
candidate,qubit_bits,64,512,mul,11.272151947021484,11.1311674118042,11.709650039672852,11.23543643951416,11.554996490478516,15
candidate,qubit_bits,64,512,s,2608.8154296875,2535.746337890625,2665.81201171875,2598.927978515625,2644.83642578125,15
candidate,qubit_bits,64,63,circuit,335.18570188492066,326.0814525462963,340.8900669642857,327.715091765873,335.3277943121693,15
candidate,qubit_bits,64,63,cnot,402.441902281746,398.72557043650795,408.04296875,400.17100694444446,406.56519717261904,15
candidate,qubit_bits,64,63,comm,1.9467974465990823,1.9345359196738592,1.968242463611421,1.9430634029327878,1.957792494032118,15
candidate,qubit_bits,64,63,h,299.052238343254,292.6852058531746,308.44004216269843,295.2086433531746,301.80172681051585,15
candidate,qubit_bits,64,63,mul,4.227875482468378,4.201273600260417,4.282088506789434,4.220992799789187,4.254487537202381,15
candidate,qubit_bits,64,63,s,298.9036923363095,290.54155815972223,302.7188740079365,295.51348586309524,299.45073784722223,15
candidate,qubit_bits,64,64,circuit,341.0093587239583,336.2011311848958,350.70969645182294,337.87196858723956,341.55950927734375,15
candidate,qubit_bits,64,64,cnot,417.3711242675781,405.0776062011719,420.122802734375,411.49267578125,419.24542236328125,15
candidate,qubit_bits,64,64,comm,2.1146137714385986,1.9448448419570923,2.4029661417007446,1.9514411687850952,2.196346640586853,15
candidate,qubit_bits,64,64,h,305.28831481933594,298.8688049316406,327.6621398925781,303.11712646484375,322.2910461425781,15
candidate,qubit_bits,64,64,mul,4.196534633636475,4.162877798080444,5.325844049453735,4.1867592334747314,4.960517168045044,15
candidate,qubit_bits,64,64,s,307.68585205078125,295.4235076904297,315.9014587402344,298.85227966308594,310.5189208984375,15
candidate,qubit_bits,64,65,circuit,342.95206330128207,333.5253205128205,348.9099358974359,335.76891025641027,345.58209134615385,15
candidate,qubit_bits,64,65,cnot,414.34921875,406.8146634615385,421.5307091346154,411.462109375,419.6001201923077,15
candidate,qubit_bits,64,65,comm,2.4076608511117787,2.3892721322866586,2.4746429443359377,2.4054795485276443,2.459256920447716,15
candidate,qubit_bits,64,65,h,301.2069411057692,297.40084134615387,312.89185697115386,298.7279597355769,309.3649939903846,15
candidate,qubit_bits,64,65,mul,4.96374276968149,4.93169931265024,5.090958345853365,4.946508319561298,5.067717566856971,15
candidate,qubit_bits,64,65,s,305.05997596153844,296.44807692307694,314.8512620192308,302.50213341346154,311.2605168269231,15
candidate,qubit_bits,64,8,circuit,33.713340759277344,33.34161885579427,33.933850606282554,33.582051595052086,33.74280039469401,15
candidate,qubit_bits,64,8,cnot,36.731719970703125,36.31718826293945,40.43022918701172,36.46151351928711,36.778846740722656,15
candidate,qubit_bits,64,8,comm,1.932015061378479,1.9139548540115356,1.9577741622924805,1.9265363216400146,1.9324123859405518,15
candidate,qubit_bits,64,8,h,31.923770904541016,31.387250900268555,32.52013397216797,31.557401657104492,32.039005279541016,15
candidate,qubit_bits,64,8,mul,4.1561126708984375,4.0607750415802,4.485607147216797,4.114389419555664,4.393388986587524,15
candidate,qubit_bits,64,8,s,31.92194366455078,31.217336654663086,34.02479553222656,31.91971778869629,31.968992233276367,15
candidate,qubit_bits,8,1024,circuit,6016.411458333333,5928.3173828125,6143.758138020833,5973.456705729167,6099.161783854167,15
candidate,qubit_bits,8,1024,cnot,6826.57861328125,6764.201171875,6953.30810546875,6801.412109375,6934.26513671875,15
candidate,qubit_bits,8,1024,comm,48.38832473754883,47.14488983154297,76.45765686035156,47.525882720947266,62.94647979736328,15
candidate,qubit_bits,8,1024,h,5709.20849609375,5611.81640625,7238.34228515625,5625.87451171875,6675.638671875,15
candidate,qubit_bits,8,1024,mul,45.67940902709961,45.17618942260742,85.64027404785156,45.542877197265625,74.26325225830078,15
candidate,qubit_bits,8,1024,s,5496.1142578125,5309.42822265625,5838.52099609375,5456.15625,5550.13037109375,15
candidate,qubit_bits,8,127,circuit,701.5255905511812,684.1354166666666,777.0771817585302,693.4892552493438,746.8985810367454,15
candidate,qubit_bits,8,127,cnot,832.4644438976378,813.5867987204724,844.7265625,830.5164247047244,832.9232283464567,15
candidate,qubit_bits,8,127,comm,12.427663247416339,12.238510011687993,12.887108990526574,12.342077540600394,12.550854299950787,15
candidate,qubit_bits,8,127,h,624.8871801181102,610.9641363188977,639.3921013779527,618.7202878937007,630.1416707677165,15
candidate,qubit_bits,8,127,mul,20.714147853100393,20.441569651205707,21.207392655019685,20.609938253567915,20.898372139517715,15
candidate,qubit_bits,8,127,s,625.7330831692914,615.9828371062993,641.527251476378,621.496186023622,629.3445497047244,15
candidate,qubit_bits,8,128,circuit,701.416015625,696.0245768229166,755.7118733723959,697.23681640625,735.4261474609375,15
candidate,qubit_bits,8,128,cnot,829.2160034179688,817.6905517578125,839.2206420898438,826.2888793945312,836.1358642578125,15
candidate,qubit_bits,8,128,comm,12.438972473144531,12.152831077575684,12.732942581176758,12.258330345153809,12.633204460144043,15
candidate,qubit_bits,8,128,h,622.6526489257812,619.1151733398438,643.6538696289062,622.0169067382812,640.7139892578125,15
candidate,qubit_bits,8,128,mul,20.727476119995117,20.371198654174805,20.952224731445312,20.423173904418945,20.766098022460938,15
candidate,qubit_bits,8,128,s,634.7910766601562,608.70361328125,641.1158447265625,633.3389282226562,638.5625610351562,15
candidate,qubit_bits,8,129,circuit,715.3248950258397,703.1805151808785,724.7877099483204,713.282622739018,718.6473675710595,15
candidate,qubit_bits,8,129,cnot,849.1930111434109,838.3171027131783,861.0253149224807,848.6681807170543,851.1941012596899,15
candidate,qubit_bits,8,129,comm,13.152918142865795,12.84273558624031,13.391026223352712,13.022844181504361,13.258468273074127,15
candidate,qubit_bits,8,129,h,647.5921148255813,625.4870397286821,655.9093386627907,642.7850654069767,649.0128391472869,15
candidate,qubit_bits,8,129,mul,21.720865885416668,21.643350290697676,22.18485987463663,21.693660292514537,21.830161397771317,15
candidate,qubit_bits,8,129,s,644.5640140503876,636.2569646317829,652.7399467054264,641.187742248062,644.710453003876,15
candidate,qubit_bits,8,2048,circuit,14952.541829427084,14723.56494140625,15201.0498046875,14808.085123697916,15056.681315104166,15
candidate,qubit_bits,8,2048,cnot,15222.0458984375,15019.51123046875,15339.33544921875,15136.77978515625,15225.7890625,15
candidate,qubit_bits,8,2048,comm,55.5267333984375,48.6361198425293,56.79750442504883,49.65607452392578,55.72239685058594,15
candidate,qubit_bits,8,2048,h,14712.646484375,14445.9228515625,15782.4912109375,14585.99853515625,15128.23486328125,15
candidate,qubit_bits,8,2048,mul,52.46686935424805,51.49300765991211,52.99456787109375,52.115440368652344,52.5660514831543,15
candidate,qubit_bits,8,2048,s,14667.80615234375,14453.61328125,15651.7333984375,14520.89404296875,15310.9130859375,15
candidate,qubit_bits,8,255,circuit,1430.215114379085,1410.1205065359477,1456.7742647058824,1421.8307189542484,1435.5290032679738,15
candidate,qubit_bits,8,255,cnot,1675.015318627451,1645.1031862745099,1692.3763480392156,1667.2844362745097,1677.3795343137256,15
candidate,qubit_bits,8,255,comm,23.458243336397057,23.103044577205882,23.88620749080882,23.186017922794118,23.65547066482843,15
candidate,qubit_bits,8,255,h,1298.5906862745098,1264.8948529411764,1345.8486519607843,1292.5041666666666,1311.3919117647058,15
candidate,qubit_bits,8,255,mul,40.20070465686275,39.796675857843134,41.23663066789216,40.048636642156865,40.79733455882353,15
candidate,qubit_bits,8,255,s,1279.6517156862744,1265.7628676470588,1310.8712009803921,1274.3719362745098,1302.4714460784314,15
candidate,qubit_bits,8,256,circuit,1413.0350748697917,1392.3509928385417,1442.9931640625,1409.7255859375,1433.6039225260417,15
candidate,qubit_bits,8,256,cnot,1660.441162109375,1631.5511474609375,1713.3331298828125,1659.9273681640625,1692.1590576171875,15
candidate,qubit_bits,8,256,comm,23.262500762939453,22.986095428466797,24.188676834106445,23.14925193786621,23.358741760253906,15
candidate,qubit_bits,8,256,h,1312.5457763671875,1254.9285888671875,1337.595703125,1295.2423095703125,1318.359375,15
candidate,qubit_bits,8,256,mul,39.70352554321289,39.33302307128906,40.03715515136719,39.45668411254883,39.8038215637207,15
candidate,qubit_bits,8,256,s,1282.7301025390625,1254.2978515625,1321.3907470703125,1273.5189208984375,1294.484375,15
candidate,qubit_bits,8,257,circuit,1435.8010700389104,1411.992055771725,1461.0050259403372,1423.8847276264592,1445.1098411154344,15
candidate,qubit_bits,8,257,cnot,1696.2244649805448,1677.7368677042803,1744.5383025291828,1687.0136186770428,1727.2312743190662,15
candidate,qubit_bits,8,257,comm,23.953092701240273,23.863480742339494,24.814156736381324,23.951350468142024,24.758819461332685,15
candidate,qubit_bits,8,257,h,1308.6140564202335,1292.0314931906614,1329.6399562256809,1301.186527237354,1311.2181420233462,15
candidate,qubit_bits,8,257,mul,9.246212495440176,8.934981171723006,9.344593567607005,9.001418770519212,9.250784194886917,15
candidate,qubit_bits,8,257,s,1314.0757538910507,1281.9086819066147,1337.2801556420234,1291.9858949416343,1331.7018482490273,15
candidate,qubit_bits,8,31,circuit,146.62525201612902,145.1901671706989,149.82227612567203,145.70819682459677,149.0154779905914,15
candidate,qubit_bits,8,31,cnot,182.81078314012098,181.26456968245967,185.08812689012098,181.50344947076613,183.80508127520162,15
candidate,qubit_bits,8,31,comm,4.2817515711630545,4.2129639656313005,4.335218860257056,4.2335141089654735,4.287371235509073,15
candidate,qubit_bits,8,31,h,129.21634797127015,127.54313413558468,131.5159951486895,128.82322643649192,130.21818296370967,15
candidate,qubit_bits,8,31,mul,7.295997865738407,7.232912125126008,7.5075294740738405,7.2667320005355345,7.457159226940524,15
candidate,qubit_bits,8,31,s,128.55611296622985,126.72276650705645,130.3264632686492,128.2115675403226,129.42111107610887,15
candidate,qubit_bits,8,32,circuit,153.5983683268229,151.28410847981772,155.4332275390625,153.3474324544271,153.8768310546875,15
candidate,qubit_bits,8,32,cnot,192.70452880859375,190.07110595703125,196.53384399414062,191.95175170898438,192.72486877441406,15
candidate,qubit_bits,8,32,comm,4.269838333129883,4.232396841049194,4.3577353954315186,4.233489274978638,4.269927740097046,15
candidate,qubit_bits,8,32,h,135.93260192871094,133.7010040283203,137.49567413330078,134.4893798828125,136.54104614257812,15
candidate,qubit_bits,8,32,mul,7.333139896392822,7.233004093170166,7.425745487213135,7.325430870056152,7.3443450927734375,15
candidate,qubit_bits,8,32,s,131.13180541992188,127.05516815185547,132.7991485595703,127.88835906982422,131.18775939941406,15
candidate,qubit_bits,8,33,circuit,160.6663115530303,156.87596669823233,162.6938328598485,159.45260219381314,160.8660728377525,15
candidate,qubit_bits,8,33,cnot,186.05427320075756,184.58140980113637,189.12390506628788,185.9562322443182,188.46114464962122,15
candidate,qubit_bits,8,33,comm,5.035149776574337,4.895952166933002,5.175118648644649,4.934445930249764,5.06470420143821,15
candidate,qubit_bits,8,33,h,141.7285674124053,139.47705078125,143.8244111032197,140.2359804095644,143.2381036931818,15
candidate,qubit_bits,8,33,mul,8.610696503610322,8.493211688417377,8.705447572650332,8.56287823301373,8.662348891749527,15
candidate,qubit_bits,8,33,s,136.7495783025568,135.19071821732953,140.2489198626894,136.59421608664772,138.49031575520834,15
candidate,qubit_bits,8,512,circuit,2885.31494140625,2812.6220703125,2977.4305013020835,2864.9765625,2936.5572916666665,15
candidate,qubit_bits,8,512,cnot,3379.099609375,3314.56494140625,3421.173095703125,3371.358154296875,3384.623291015625,15
candidate,qubit_bits,8,512,comm,45.87761688232422,44.58189010620117,48.185665130615234,45.627593994140625,45.921485900878906,15
candidate,qubit_bits,8,512,h,2589.111328125,2437.469482421875,2669.12841796875,2450.714111328125,2596.2626953125,15
candidate,qubit_bits,8,512,mul,43.590702056884766,43.204307556152344,44.639747619628906,43.485958099365234,44.456642150878906,15
candidate,qubit_bits,8,512,s,2628.03125,2488.23046875,2664.693115234375,2548.7060546875,2629.7607421875,15
candidate,qubit_bits,8,63,circuit,335.94181960978835,334.15918485449737,341.1863219246032,335.76614169973544,336.81588955026456,15
candidate,qubit_bits,8,63,cnot,406.1970486111111,402.41868179563494,414.88405257936506,405.54210069444446,413.8558407738095,15
candidate,qubit_bits,8,63,comm,6.976919991629464,6.864214700365824,7.306699722532242,6.93201167999752,7.176676432291667,15
candidate,qubit_bits,8,63,h,297.9833209325397,292.9138609871032,300.54485987103175,295.8280474950397,298.5168185763889,15
candidate,qubit_bits,8,63,mul,11.7258542984251,11.613997202070932,12.081166100880456,11.697517516121032,11.844937763516866,15
candidate,qubit_bits,8,63,s,298.757083953373,295.0284443204365,306.0968036954365,296.81234499007934,301.39353918650795,15
candidate,qubit_bits,8,64,circuit,338.45774332682294,334.60235595703125,352.691650390625,336.80470784505206,341.2628173828125,15
candidate,qubit_bits,8,64,cnot,413.3516845703125,404.59185791015625,416.9960021972656,409.2877502441406,413.7242431640625,15
candidate,qubit_bits,8,64,comm,6.965041160583496,6.877104759216309,7.80789041519165,6.903648376464844,7.138451099395752,15
candidate,qubit_bits,8,64,h,302.07762145996094,296.8820037841797,308.65478515625,299.0220489501953,306.15997314453125,15
candidate,qubit_bits,8,64,mul,11.667132377624512,11.471311569213867,12.093782424926758,11.593976974487305,11.686205863952637,15
candidate,qubit_bits,8,64,s,302.5716247558594,295.0395050048828,337.3476867675781,296.94175720214844,318.0084228515625,15
candidate,qubit_bits,8,65,circuit,346.49439102564105,343.20328525641025,351.2136217948718,345.8909254807692,349.26047676282053,15
candidate,qubit_bits,8,65,cnot,421.6609074519231,417.3264723557692,430.32728365384617,420.4314302884615,421.9638822115385,15
candidate,qubit_bits,8,65,comm,7.670143010066106,7.563566706730769,8.23211669921875,7.62334970327524,7.827015099158654,15
candidate,qubit_bits,8,65,h,306.5141826923077,301.84543269230767,314.4506310096154,305.77046274038463,308.2807391826923,15
candidate,qubit_bits,8,65,mul,12.835849233774038,12.729116586538462,12.998531400240385,12.78561260516827,12.955337289663461,15
candidate,qubit_bits,8,65,s,309.94341947115385,307.17899639423075,312.88810096153844,309.0594951923077,310.1174278846154,15
candidate,qubit_bits,8,8,circuit,29.207547505696613,28.920491536458332,31.64354960123698,29.061424255371094,31.34398905436198,15
candidate,qubit_bits,8,8,cnot,52.70274353027344,40.56072235107422,53.533077239990234,40.703617095947266,53.01189422607422,15
candidate,qubit_bits,8,8,comm,2.190902829170227,2.15664005279541,2.2104382514953613,2.17840576171875,2.201274037361145,15
candidate,qubit_bits,8,8,h,24.372339248657227,23.916959762573242,24.65987205505371,24.096250534057617,24.37877655029297,15
candidate,qubit_bits,8,8,mul,4.210164308547974,4.163950681686401,4.26289439201355,4.182716369628906,4.213789939880371,15
candidate,qubit_bits,8,8,s,24.275779724121094,23.909807205200195,25.03903579711914,24.161893844604492,24.763107299804688,15
ppvm-native-kernel,column,64,1024,circuit,11.366817474365234,11.19404411315918,11.487272262573242,11.260615666707357,11.429018020629883,15
ppvm-native-kernel,column,64,1024,cnot,13.154864311218262,12.962499618530273,13.317981719970703,13.071219444274902,13.175407409667969,15
ppvm-native-kernel,column,64,1024,comm,2105.3212890625,2043.7572021484375,3031.2652587890625,2045.5118408203125,2112.4166259765625,15
ppvm-native-kernel,column,64,1024,h,12.695829391479492,12.479266166687012,12.89649772644043,12.567480087280273,12.79731559753418,15
ppvm-native-kernel,column,64,1024,mul,3933.258056640625,3820.841552734375,3950.86669921875,3841.349365234375,3934.224365234375,15
ppvm-native-kernel,column,64,1024,s,8.838415145874023,8.68519115447998,9.187658309936523,8.789400577545166,9.138484954833984,15
ppvm-native-kernel,column,64,1024,transpose_roundtrip,246244.140625,242104.8125,252676.421875,242824.875,249662.765625,15
ppvm-native-kernel,column,64,127,circuit,6.0242314376230315,5.8586810254675195,6.160065257956036,5.903896702243275,6.025299312561516,15
ppvm-native-kernel,column,64,127,cnot,7.219870259442668,7.103126345656988,7.574126476377953,7.2105587936761815,7.376483106237697,15
ppvm-native-kernel,column,64,127,comm,181.74698572834646,177.6062223179134,188.9924028051181,178.79616756889763,184.8394438976378,15
ppvm-native-kernel,column,64,127,h,5.3263785294660435,5.291515921044537,5.382868248646654,5.311720480130413,5.360140102116142,15
ppvm-native-kernel,column,64,127,mul,351.886749507874,347.43196358267716,357.64228592519686,349.4773622047244,357.1104515255906,15
ppvm-native-kernel,column,64,127,s,5.623624546321358,5.582954947404035,5.944619967242864,5.607505017378199,5.78059783695251,15
ppvm-native-kernel,column,64,127,transpose_roundtrip,3905.303955078125,3871.052978515625,3951.863525390625,3889.190673828125,3909.16943359375,15
ppvm-native-kernel,column,64,128,circuit,6.032400449117024,5.904528935750325,6.121264457702637,6.0263872146606445,6.070574124654134,15
ppvm-native-kernel,column,64,128,cnot,7.278064727783203,7.041613578796387,7.343649864196777,7.097959518432617,7.294932842254639,15
ppvm-native-kernel,column,64,128,comm,188.906982421875,181.12120056152344,192.89462280273438,186.17184448242188,188.92860412597656,15
ppvm-native-kernel,column,64,128,h,5.423685073852539,5.35053014755249,5.476236343383789,5.396783351898193,5.432267665863037,15
ppvm-native-kernel,column,64,128,mul,358.4988708496094,351.85369873046875,369.6174621582031,354.2607727050781,367.1900329589844,15
ppvm-native-kernel,column,64,128,s,5.704422473907471,5.647679328918457,5.798459053039551,5.680997848510742,5.706330299377441,15
ppvm-native-kernel,column,64,128,transpose_roundtrip,3934.77392578125,3888.8447265625,4012.847900390625,3899.271728515625,3942.342041015625,15
ppvm-native-kernel,column,64,129,circuit,6.00257893249354,5.916822172258559,6.102069706879845,5.971220110121932,6.008217193051518,15
ppvm-native-kernel,column,64,129,cnot,7.305844802265019,7.227973878845688,7.566230241642442,7.266436436379602,7.311187507570252,15
ppvm-native-kernel,column,64,129,comm,190.73502604166666,186.82120578972868,197.7526495881783,190.3300175629845,192.06296935562017,15
ppvm-native-kernel,column,64,129,h,5.38625365264656,5.297126237736192,5.427377626877423,5.305761056352956,5.394730915394864,15
ppvm-native-kernel,column,64,129,mul,367.1937984496124,361.63472020348837,372.2949067344961,366.1793846899225,368.32052446705427,15
ppvm-native-kernel,column,64,129,s,5.706353239310804,5.628560857255329,5.757137328155281,5.656240064044331,5.747576099957606,15
ppvm-native-kernel,column,64,129,transpose_roundtrip,7358.5205078125,7271.87109375,7526.1435546875,7339.0908203125,7383.36181640625,15
ppvm-native-kernel,column,64,2048,circuit,17.126612345377605,16.958502451578777,18.029900868733723,17.08046595255534,17.428821563720703,15
ppvm-native-kernel,column,64,2048,cnot,23.6135311126709,23.48605728149414,23.956615447998047,23.53151512145996,23.733217239379883,15
ppvm-native-kernel,column,64,2048,comm,4914.56103515625,4718.2412109375,5341.664794921875,4751.363037109375,5314.412353515625,15
ppvm-native-kernel,column,64,2048,h,18.902301788330078,18.55305767059326,19.46564483642578,18.634676933288574,19.262075424194336,15
ppvm-native-kernel,column,64,2048,mul,9769.561767578125,9433.15625,12685.99462890625,9482.1064453125,10830.240966796875,15
ppvm-native-kernel,column,64,2048,s,14.938950538635254,14.772017478942871,15.210667610168457,14.881333351135254,14.99203872680664,15
ppvm-native-kernel,column,64,2048,transpose_roundtrip,1156960.9375,1137289.0625,1226479.125,1140632.8125,1186091.125,15
ppvm-native-kernel,column,64,255,circuit,5.929744944852941,5.871422462214053,6.541745174632353,5.900118081086601,6.140695210375817,15
ppvm-native-kernel,column,64,255,cnot,7.324039234834559,7.116559914981617,8.785232843137255,7.147915230545343,7.36678347120098,15
ppvm-native-kernel,column,64,255,comm,370.4273897058824,365.32245710784315,384.51286764705884,366.496875,377.8875612745098,15
ppvm-native-kernel,column,64,255,h,5.359943704044118,5.295298617493873,5.465638403799019,5.339499080882353,5.39096009497549,15
ppvm-native-kernel,column,64,255,mul,719.0384803921569,703.7887867647058,754.0773284313725,709.2677696078431,720.3329044117647,15
ppvm-native-kernel,column,64,255,s,5.623651482077205,5.591976868872549,5.791578105851715,5.614376531862745,5.680717198988971,15
ppvm-native-kernel,column,64,255,transpose_roundtrip,15492.1875,15378.5810546875,16069.8642578125,15468.912109375,15834.716796875,15
ppvm-native-kernel,column,64,256,circuit,6.001803398132324,5.850964228312175,6.112496058146159,5.888594627380371,6.0197248458862305,15
ppvm-native-kernel,column,64,256,cnot,7.265865802764893,7.012208461761475,7.4149370193481445,7.171710014343262,7.335186004638672,15
ppvm-native-kernel,column,64,256,comm,385.9138488769531,371.40020751953125,400.5928039550781,383.209228515625,392.7904968261719,15
ppvm-native-kernel,column,64,256,h,5.426526069641113,5.351623058319092,5.53490686416626,5.3675971031188965,5.484938621520996,15
ppvm-native-kernel,column,64,256,mul,721.2499389648438,709.7600708007812,864.4332885742188,719.635009765625,770.856201171875,15
ppvm-native-kernel,column,64,256,s,5.749046802520752,5.644341468811035,6.034275054931641,5.681395530700684,5.815466403961182,15
ppvm-native-kernel,column,64,256,transpose_roundtrip,15574.5029296875,15450.154296875,15748.046875,15514.7294921875,15624.30859375,15
ppvm-native-kernel,column,64,257,circuit,8.372820150372892,8.160450738691635,8.604109668855383,8.183724844965953,8.426176434824903,15
ppvm-native-kernel,column,64,257,cnot,8.893103454827335,8.608945141506567,9.05716975468142,8.797414104298396,9.00824663332928,15
ppvm-native-kernel,column,64,257,comm,395.65728356031127,387.11393482490274,433.50887645914395,390.23741488326846,423.55198200389106,15
ppvm-native-kernel,column,64,257,h,8.209584751945526,8.059213601197714,8.4231090026143,8.178414073899562,8.411273882082927,15
ppvm-native-kernel,column,64,257,mul,741.0703428988327,735.8518968871596,761.5135578793775,739.1172178988327,754.2051313229572,15
ppvm-native-kernel,column,64,257,s,8.502866514925827,8.316713088217412,8.780275337427042,8.430510643391294,8.532255536387403,15
ppvm-native-kernel,column,64,257,transpose_roundtrip,22381.998046875,21952.71875,23051.431640625,21965.169921875,22582.357421875,15
ppvm-native-kernel,column,64,31,circuit,5.964696084299395,5.905657368321573,6.161310339486727,5.911673268964214,6.15052253969254,15
ppvm-native-kernel,column,64,31,cnot,7.381336827431956,7.1992566508631555,7.565529115738407,7.3503265380859375,7.3856845978767645,15
ppvm-native-kernel,column,64,31,comm,51.236552576864916,50.22225459929435,51.76224247101815,51.00504426033266,51.490372196320564,15
ppvm-native-kernel,column,64,31,h,5.4715472805884575,5.4010369085496475,5.5008549844065024,5.4434701242754535,5.4835249377835185,15
ppvm-native-kernel,column,64,31,mul,93.21840347782258,92.37540165070564,93.96591481854838,92.83775674143145,93.37656722530242,15
ppvm-native-kernel,column,64,31,s,5.782198998235887,5.7594747235698085,5.8274836386403726,5.7665715371408774,5.808040495841734,15
ppvm-native-kernel,column,64,31,transpose_roundtrip,567.3510131835938,557.1861267089844,580.5180969238281,561.9939270019531,570.2120361328125,15
ppvm-native-kernel,column,64,32,circuit,6.075011253356934,5.912449836730957,6.179451942443848,5.950371424357097,6.099780400594075,15
ppvm-native-kernel,column,64,32,cnot,7.435262203216553,7.2471699714660645,7.741808891296387,7.257779598236084,7.498244762420654,15
ppvm-native-kernel,column,64,32,comm,53.11282730102539,52.0172119140625,55.50368881225586,52.082698822021484,53.28559875488281,15
ppvm-native-kernel,column,64,32,h,5.511839866638184,5.445679187774658,6.573379039764404,5.460838317871094,6.034811496734619,15
ppvm-native-kernel,column,64,32,mul,96.22510528564453,94.98246002197266,99.37763214111328,95.1716079711914,97.15969848632812,15
ppvm-native-kernel,column,64,32,s,5.876123905181885,5.7936906814575195,6.011466026306152,5.850672721862793,5.88756799697876,15
ppvm-native-kernel,column,64,32,transpose_roundtrip,573.0616455078125,566.9034423828125,602.5797424316406,567.3065185546875,582.6161499023438,15
ppvm-native-kernel,column,64,33,circuit,6.126673534663037,5.977257930871212,6.390504162720959,6.10067718197601,6.18695068359375,15
ppvm-native-kernel,column,64,33,cnot,7.450219356652462,7.19095449736624,7.536801424893466,7.273047707297585,7.481912323922822,15
ppvm-native-kernel,column,64,33,comm,54.34610262784091,52.81899192116477,55.25161280776515,53.365071614583336,54.68642356178977,15
ppvm-native-kernel,column,64,33,h,5.561886411724669,5.450046423709754,5.598935213955966,5.491854118578361,5.574486472389915,15
ppvm-native-kernel,column,64,33,mul,98.70463423295455,98.1149384469697,103.56587357954545,98.36000384706439,101.20954663825758,15
ppvm-native-kernel,column,64,33,s,5.864114472360322,5.707018303148674,5.909293897224195,5.749866369998816,5.896866769501657,15
ppvm-native-kernel,column,64,33,transpose_roundtrip,915.1941528320312,900.7034301757812,938.2578735351562,907.7962036132812,919.54296875,15
ppvm-native-kernel,column,64,512,circuit,8.390002568562826,8.331033706665039,8.49167505900065,8.33871587117513,8.46984608968099,15
ppvm-native-kernel,column,64,512,cnot,8.790294170379639,8.441766262054443,9.039719581604004,8.721033573150635,8.802910327911377,15
ppvm-native-kernel,column,64,512,comm,752.6575927734375,727.8569946289062,797.0377807617188,743.3954467773438,774.7344970703125,15
ppvm-native-kernel,column,64,512,h,8.396804332733154,8.281310081481934,8.761922836303711,8.385777473449707,8.429090023040771,15
ppvm-native-kernel,column,64,512,mul,1431.391357421875,1400.507568359375,1500.3509521484375,1412.4501953125,1459.859130859375,15
ppvm-native-kernel,column,64,512,s,8.608102798461914,8.550723552703857,8.680184841156006,8.600870609283447,8.61750078201294,15
ppvm-native-kernel,column,64,512,transpose_roundtrip,61409.34375,60147.296875,61776.0390625,60659.83203125,61465.00390625,15
ppvm-native-kernel,column,64,63,circuit,6.038349454365079,5.928052791211971,6.231439176690642,5.954062810019841,6.06196456989914,15
ppvm-native-kernel,column,64,63,cnot,7.3370153033544145,7.043121822296627,7.622390504867312,7.0634872194320435,7.398332868303571,15
ppvm-native-kernel,column,64,63,comm,94.60804966517857,92.18859281994048,99.8322017609127,93.17582000248017,98.34539310515873,15
ppvm-native-kernel,column,64,63,h,5.533753410218254,5.457459464905754,5.627607073102679,5.467510889446925,5.5810033404637895,15
ppvm-native-kernel,column,64,63,mul,177.9759269593254,175.14377170138889,189.23611111111111,177.16600012400792,183.09384300595238,15
ppvm-native-kernel,column,64,63,s,5.792486281622024,5.671062166728671,5.880345904637897,5.6850091843377974,5.81420414031498,15
ppvm-native-kernel,column,64,63,transpose_roundtrip,999.1404418945312,986.2695922851562,1051.5975952148438,991.9204711914062,1012.8250122070312,15
ppvm-native-kernel,column,64,64,circuit,6.063342094421387,5.954490979512532,6.1295960744222,6.013035774230957,6.072825749715169,15
ppvm-native-kernel,column,64,64,cnot,7.327338218688965,6.990611553192139,7.577796936035156,7.090766906738281,7.433176040649414,15
ppvm-native-kernel,column,64,64,comm,95.73554992675781,94.8944091796875,103.65263366699219,95.47583770751953,95.77178955078125,15
ppvm-native-kernel,column,64,64,h,5.531271457672119,5.454540252685547,5.837003231048584,5.475342273712158,5.700031757354736,15
ppvm-native-kernel,column,64,64,mul,185.75413513183594,180.54261779785156,189.1161651611328,181.33926391601562,187.17066955566406,15
ppvm-native-kernel,column,64,64,s,5.785107612609863,5.701720714569092,5.886256694793701,5.728860855102539,5.827069282531738,15
ppvm-native-kernel,column,64,64,transpose_roundtrip,1001.9022827148438,992.6300048828125,1025.604248046875,1000.2543334960938,1007.2224731445312,15
ppvm-native-kernel,column,64,65,circuit,6.0031597430889425,5.874868539663462,6.099237843048878,5.92399651943109,6.0041250375600965,15
ppvm-native-kernel,column,64,65,cnot,7.324825345552885,7.099092923677885,7.5733083871694715,7.262792499248798,7.43719247671274,15
ppvm-native-kernel,column,64,65,comm,98.7270282451923,98.292578125,116.69640174278847,98.71137319711538,105.67626953125,15
ppvm-native-kernel,column,64,65,h,5.44897226186899,5.345994685246394,7.720008263221154,5.415031550480769,6.570571664663461,15
ppvm-native-kernel,column,64,65,mul,184.80881911057693,183.2939002403846,216.32298677884614,184.77313701923077,185.98571213942307,15
ppvm-native-kernel,column,64,65,s,5.75270010141226,5.682079608623798,5.837738976111779,5.737931002103365,5.7667072002704325,15
ppvm-native-kernel,column,64,65,transpose_roundtrip,2644.3076171875,2618.34716796875,2723.663330078125,2623.870849609375,2673.044921875,15
ppvm-native-kernel,column,64,8,circuit,6.292528470357259,6.192882855733235,6.339139302571614,6.225440343221028,6.29447587331136,15
ppvm-native-kernel,column,64,8,cnot,7.219076156616211,7.045010566711426,7.7056684494018555,7.218460559844971,7.350841999053955,15
ppvm-native-kernel,column,64,8,comm,20.894765853881836,20.562726974487305,21.479368209838867,20.811002731323242,20.951906204223633,15
ppvm-native-kernel,column,64,8,h,5.4596662521362305,5.325456142425537,6.050745487213135,5.359808444976807,5.711833953857422,15
ppvm-native-kernel,column,64,8,mul,34.03862380981445,33.39187240600586,34.64468193054199,33.86918640136719,34.43129920959473,15
ppvm-native-kernel,column,64,8,s,5.676487922668457,5.635281562805176,5.871276378631592,5.659858226776123,5.777101039886475,15
ppvm-native-kernel,column,64,8,transpose_roundtrip,214.81385803222656,208.8368682861328,218.94581604003906,210.77854919433594,214.9931640625,15
ppvm-native-kernel,column-transpose-batch,64,1024,comm,126.65367126464844,123.69537353515625,127.78759002685547,124.23579406738281,127.23636627197266,15
ppvm-native-kernel,column-transpose-batch,64,1024,mul,135.64523315429688,133.6069107055664,136.93618774414062,134.1571807861328,136.15131378173828,15
ppvm-native-kernel,column-transpose-batch,64,127,comm,20.637010949803148,20.434360774483267,21.343321312130904,20.51133619894193,21.141632320374015,15
ppvm-native-kernel,column-transpose-batch,64,127,mul,27.170177549827756,26.883183516855315,27.75753952386811,27.031765194389763,27.192763441190944,15
ppvm-native-kernel,column-transpose-batch,64,128,comm,20.35013771057129,20.118236541748047,20.61740493774414,20.204702377319336,20.434856414794922,15
ppvm-native-kernel,column-transpose-batch,64,128,mul,27.298131942749023,27.16509437561035,27.593374252319336,27.29590606689453,27.300756454467773,15
ppvm-native-kernel,column-transpose-batch,64,129,comm,34.011563559835274,33.381341978561046,34.715441799903104,33.52020878754845,34.123069585755815,15
ppvm-native-kernel,column-transpose-batch,64,129,mul,40.759655856346896,40.52387278948643,44.10302734375,40.64073855377907,40.93960453003876,15
ppvm-native-kernel,column-transpose-batch,64,2048,comm,290.85350036621094,284.80784606933594,301.59950256347656,285.65916442871094,294.71270751953125,15
ppvm-native-kernel,column-transpose-batch,64,2048,mul,306.1389923095703,298.23939514160156,336.8682861328125,299.4149475097656,314.3424987792969,15
ppvm-native-kernel,column-transpose-batch,64,255,comm,35.42504404105392,35.01495098039216,48.19495442708333,35.247524126838236,38.70219247855392,15
ppvm-native-kernel,column-transpose-batch,64,255,mul,42.206169577205884,41.78762254901961,44.14461550245098,41.84793581495098,43.33256740196079,15
ppvm-native-kernel,column-transpose-batch,64,256,comm,35.40849685668945,35.062313079833984,35.99302101135254,35.26449203491211,35.71963310241699,15
ppvm-native-kernel,column-transpose-batch,64,256,mul,42.06514358520508,41.466556549072266,42.594749450683594,41.7416877746582,42.264461517333984,15
ppvm-native-kernel,column-transpose-batch,64,257,comm,48.12530778818093,47.76875607976654,48.59728386429961,47.853302833171206,48.42233098249027,15
ppvm-native-kernel,column-transpose-batch,64,257,mul,56.32856198321984,55.9134279243677,57.03200997081712,55.94445753283074,56.35928000364786,15
ppvm-native-kernel,column-transpose-batch,64,31,comm,14.083247030934979,14.009209417527721,14.413279871786795,14.017494447769657,14.328699911794354,15
ppvm-native-kernel,column-transpose-batch,64,31,mul,20.868280226184474,20.791903588079638,21.081985965851814,20.866803569178426,20.997487714213708,15
ppvm-native-kernel,column-transpose-batch,64,32,comm,13.930360794067383,13.648231506347656,14.020721435546875,13.720035552978516,13.943076133728027,15
ppvm-native-kernel,column-transpose-batch,64,32,mul,20.731687545776367,20.493507385253906,20.91272735595703,20.617008209228516,20.817995071411133,15
ppvm-native-kernel,column-transpose-batch,64,33,comm,18.945329145951703,18.717756791548297,19.333501642400567,18.87866580847538,19.104697487571023,15
ppvm-native-kernel,column-transpose-batch,64,33,mul,25.610414447206438,25.424534653172348,26.076885801373106,25.566794655539773,25.759379069010418,15
ppvm-native-kernel,column-transpose-batch,64,512,comm,64.19451904296875,63.2786750793457,66.70856475830078,64.10741806030273,64.74447250366211,15
ppvm-native-kernel,column-transpose-batch,64,512,mul,72.70447540283203,72.29582214355469,73.47980880737305,72.42806625366211,72.88408279418945,15
ppvm-native-kernel,column-transpose-batch,64,63,comm,13.03161136687748,12.872282482328869,13.292706201946924,13.003394717261905,13.049696180555555,15
ppvm-native-kernel,column-transpose-batch,64,63,mul,19.974400111607142,19.681820824032737,21.60297309027778,19.758033389136905,20.03777591765873,15
ppvm-native-kernel,column-transpose-batch,64,64,comm,12.851278305053711,12.734254837036133,13.147950172424316,12.788176536560059,12.930631637573242,15
ppvm-native-kernel,column-transpose-batch,64,64,mul,19.756317138671875,19.560813903808594,20.445505142211914,19.606035232543945,19.81973648071289,15
ppvm-native-kernel,column-transpose-batch,64,65,comm,25.53546612079327,25.374817833533655,26.1753173828125,25.478265850360575,25.666456956129807,15
ppvm-native-kernel,column-transpose-batch,64,65,mul,32.50951397235577,32.10558894230769,33.34898212139423,32.28384164663461,32.67063176081731,15
ppvm-native-kernel,column-transpose-batch,64,8,comm,18.45057773590088,18.314361572265625,18.732309341430664,18.372097969055176,18.51145362854004,15
ppvm-native-kernel,column-transpose-batch,64,8,mul,25.24057960510254,24.92411994934082,25.655031204223633,25.12224578857422,25.343578338623047,15
ppvm-native-kernel,row,64,1024,comm,5.794008255004883,5.677183151245117,5.933304786682129,5.709091663360596,5.794962406158447,15
ppvm-native-kernel,row,64,1024,mul,15.621980667114258,15.532891273498535,15.848915100097656,15.55617618560791,15.727797508239746,15
ppvm-native-kernel,row,64,127,comm,4.968357837106299,4.92095947265625,5.0456528550996556,4.965273879644439,5.030874657818652,15
ppvm-native-kernel,row,64,127,mul,11.75587571512057,11.65198715089813,11.992167315145178,11.718429925873524,11.928007351131889,15
ppvm-native-kernel,row,64,128,comm,5.005180835723877,4.937131881713867,5.152225494384766,4.995385646820068,5.026082515716553,15
ppvm-native-kernel,row,64,128,mul,11.79476547241211,11.67452335357666,12.210329055786133,11.766552925109863,11.99694538116455,15
ppvm-native-kernel,row,64,129,comm,5.093143433563469,4.94820433624031,5.141245760658915,4.966026128724564,5.114000897074854,15
ppvm-native-kernel,row,64,129,mul,11.810814672662307,11.726675107497577,12.137006419573643,11.772057821584303,11.86349132449128,15
ppvm-native-kernel,row,64,2048,comm,9.876688003540039,9.453654289245605,10.454416275024414,9.531378746032715,9.970585823059082,15
ppvm-native-kernel,row,64,2048,mul,23.807445526123047,23.444652557373047,26.8212947845459,23.500362396240234,24.353822708129883,15
ppvm-native-kernel,row,64,255,comm,4.982622931985294,4.919952512254902,5.068191827512255,4.977456724877451,5.029097732843137,15
ppvm-native-kernel,row,64,255,mul,11.666371783088236,11.619737094056372,11.860367838541666,11.653805721507354,11.82713694852941,15
ppvm-native-kernel,row,64,256,comm,5.063295364379883,4.935324192047119,5.073328971862793,5.003035068511963,5.0666728019714355,15
ppvm-native-kernel,row,64,256,mul,11.837959289550781,11.61336898803711,11.98859977722168,11.640230178833008,11.886199951171875,15
ppvm-native-kernel,row,64,257,comm,4.3582842043865515,4.272817173820525,4.461523390001824,4.293528278514105,4.385278842792437,15
ppvm-native-kernel,row,64,257,mul,12.535758526872568,12.327716515685797,12.854590033742705,12.361717610043774,12.69024634454037,15
ppvm-native-kernel,row,64,31,comm,5.0039805750693045,4.9264147358555945,5.0442194784841226,4.953076762537802,5.009825675718246,15
ppvm-native-kernel,row,64,31,mul,11.782082834551412,11.729209653792843,12.169171733240928,11.774534163936492,11.901198848601311,15
ppvm-native-kernel,row,64,32,comm,4.990637302398682,4.925032615661621,5.161702632904053,4.938979625701904,5.094627380371094,15
ppvm-native-kernel,row,64,32,mul,11.933445930480957,11.76933479309082,13.090848922729492,11.856436729431152,12.404799461364746,15
ppvm-native-kernel,row,64,33,comm,5.030237371271307,4.9221343994140625,5.128244111032197,5.015074758818655,5.033570260712595,15
ppvm-native-kernel,row,64,33,mul,11.947709517045455,11.847293738162879,12.418187921697443,11.931871818773674,12.12823301373106,15
ppvm-native-kernel,row,64,512,comm,4.301190376281738,4.289865493774414,4.385540962219238,4.300306081771851,4.332244396209717,15
ppvm-native-kernel,row,64,512,mul,12.551109313964844,12.409409523010254,12.749711990356445,12.51375675201416,12.658119201660156,15
ppvm-native-kernel,row,64,63,comm,4.9602167038690474,4.885658385261657,5.044947548518105,4.935572548518105,4.997152661520337,15
ppvm-native-kernel,row,64,63,mul,11.787818545386905,11.751124790736608,12.07733154296875,11.761821444072421,11.824067615327381,15
ppvm-native-kernel,row,64,64,comm,4.940470218658447,4.872103691101074,5.003353118896484,4.94009256362915,4.998385906219482,15
ppvm-native-kernel,row,64,64,mul,11.777798652648926,11.717120170593262,11.925141334533691,11.749188423156738,11.812289237976074,15
ppvm-native-kernel,row,64,65,comm,5.007073974609375,4.955506779597356,5.103869159405048,4.962040827824519,5.013529616135817,15
ppvm-native-kernel,row,64,65,mul,11.931511981670672,11.727201021634615,13.890975247896634,11.920792330228366,11.97337646484375,15
ppvm-native-kernel,row,64,8,comm,5.256950855255127,5.187571048736572,5.366821765899658,5.202690601348877,5.292057991027832,15
ppvm-native-kernel,row,64,8,mul,12.215296745300293,12.051939964294434,12.37300968170166,12.156804084777832,12.235800743103027,15
ppvm-public,column,64,1024,circuit,26.90929921468099,26.583778381347656,27.123026529947918,26.66155497233073,27.0027592976888,15
ppvm-public,column,64,1024,cnot,41.554927825927734,41.062355041503906,42.071659088134766,41.29918670654297,41.94291687011719,15
ppvm-public,column,64,1024,h,12.704214096069336,12.446681022644043,12.856881141662598,12.656609535217285,12.77315616607666,15
ppvm-public,column,64,1024,mul,246822.42822265625,244646.34228515625,250066.4267578125,246748.18896484375,247415.283203125,15
ppvm-public,column,64,1024,s,26.38896369934082,26.030698776245117,26.85920524597168,26.350181579589844,26.666324615478516,15
ppvm-public,column,64,127,circuit,16.369543040518373,16.219812428231627,16.67322450172244,16.271502317093177,16.54576002706693,15
ppvm-public,column,64,127,cnot,24.621918445497048,24.15550412155512,24.912115142101378,24.477020023375985,24.672780434916337,15
ppvm-public,column,64,127,h,5.573463259719488,5.494806244617372,5.6376818559301185,5.5136492871862695,5.629552165354331,15
ppvm-public,column,64,127,mul,3946.994094488189,3891.076279527559,4013.2977362204724,3927.349901574803,3978.8796751968503,15
ppvm-public,column,64,127,s,10.94115249753937,10.67222198726624,11.64365753414124,10.692126176488681,11.01476377952756,15
ppvm-public,column,64,128,circuit,16.46513493855794,16.36017608642578,16.518699645996094,16.44113286336263,16.483519236246746,15
ppvm-public,column,64,128,cnot,24.419626235961914,23.895341873168945,25.408029556274414,24.33013916015625,24.96282196044922,15
ppvm-public,column,64,128,h,5.64052677154541,5.480269432067871,5.771199703216553,5.536437034606934,5.6436262130737305,15
ppvm-public,column,64,128,mul,4046.37646484375,4012.369873046875,4117.8486328125,4032.61328125,4062.906982421875,15
ppvm-public,column,64,128,s,10.697643280029297,10.5133056640625,10.972420692443848,10.554750442504883,10.72053050994873,15
ppvm-public,column,64,129,circuit,16.27746108890504,16.216268219072997,16.607660337936046,16.252384629360463,16.321830335513567,15
ppvm-public,column,64,129,cnot,24.508217508478683,23.536306928294575,24.715138989825583,24.138931156128876,24.512948915939923,15
ppvm-public,column,64,129,h,5.56553472474564,5.453952523164971,5.658724052961483,5.538625317950581,5.584677053052325,15
ppvm-public,column,64,129,mul,7381.3386627906975,7314.9428294573645,7573.199612403101,7376.271802325581,7456.072674418605,15
ppvm-public,column,64,129,s,10.835238197977228,10.70650511749031,11.116363288820253,10.755711755087209,11.090576171875,15
ppvm-public,column,64,2048,circuit,41.70873514811198,41.478474934895836,42.24639638264974,41.62544504801432,41.71667989095052,15
ppvm-public,column,64,2048,cnot,67.6638298034668,66.6883773803711,69.17921447753906,67.0992546081543,67.93769454956055,15
ppvm-public,column,64,2048,h,19.61795425415039,19.184032440185547,19.913116455078125,19.3110294342041,19.72993278503418,15
ppvm-public,column,64,2048,mul,1148053.3955078125,1141405.3344726562,1207794.7387695312,1146132.8735351562,1177877.33984375,15
ppvm-public,column,64,2048,s,42.51750183105469,42.1368293762207,43.01675033569336,42.46775436401367,42.90279006958008,15
ppvm-public,column,64,255,circuit,16.48933312908497,16.076049325980392,16.643688725490197,16.44481209150327,16.49560866013072,15
ppvm-public,column,64,255,cnot,24.683095894607842,24.34002182904412,24.989388020833335,24.625651041666668,24.828862208946077,15
ppvm-public,column,64,255,h,5.678942153033089,5.572111002604166,6.028857421875,5.636038507199755,5.792236328125,15
ppvm-public,column,64,255,mul,15822.140196078431,15561.764705882353,16541.62549019608,15686.192156862746,16224.918627450981,15
ppvm-public,column,64,255,s,11.324854473039215,11.145498238357844,14.695231119791666,11.21786247702206,11.73833678002451,15
ppvm-public,column,64,256,circuit,16.483042399088543,16.165150960286457,16.95638147989909,16.336653391520183,16.53634262084961,15
ppvm-public,column,64,256,cnot,24.373214721679688,23.897409439086914,24.743955612182617,24.367809295654297,24.55083465576172,15
ppvm-public,column,64,256,h,5.634645462036133,5.451361179351807,5.683918476104736,5.511303424835205,5.634665489196777,15
ppvm-public,column,64,256,mul,15790.4052734375,15485.2294921875,15930.0947265625,15667.88671875,15803.3447265625,15
ppvm-public,column,64,256,s,11.527338981628418,11.172175407409668,12.085755348205566,11.486729621887207,11.571288108825684,15
ppvm-public,column,64,257,circuit,20.521745298313878,20.102653058122566,20.621069684257456,20.380570586089494,20.590249067769133,15
ppvm-public,column,64,257,cnot,29.708526492582685,29.243756839737355,30.639013861867703,29.36543196741245,29.974673972519454,15
ppvm-public,column,64,257,h,8.208694161144212,8.135428224556177,8.26543500729572,8.164817720999514,8.249562066816635,15
ppvm-public,column,64,257,mul,22345.817120622567,21975.842412451362,22623.86381322957,22291.503891050583,22433.44552529183,15
ppvm-public,column,64,257,s,20.106295218263618,19.878856851896888,20.66503146279183,19.980979830374512,20.411073914761673,15
ppvm-public,column,64,31,circuit,16.328762915826612,16.073684528309812,16.470140026461692,16.276697958669356,16.422833186323924,15
ppvm-public,column,64,31,cnot,24.667884088331654,24.37845931514617,27.006333874117942,24.515213504914314,24.781175182711692,15
ppvm-public,column,64,31,h,5.66412845734627,5.625283518145161,5.7678837930002524,5.646325880481351,5.7221074258127524,15
ppvm-public,column,64,31,mul,598.8966418850806,594.555916078629,605.813949092742,595.385490171371,602.5010080645161,15
ppvm-public,column,64,31,s,10.495995306199596,10.425198462701612,10.629674111643146,10.495749196698588,10.550345143964213,15
ppvm-public,column,64,32,circuit,16.56934865315755,16.449239095052082,16.866313934326172,16.52484385172526,16.739368438720703,15
ppvm-public,column,64,32,cnot,22.02129364013672,20.665328979492188,22.947629928588867,21.742820739746094,22.598108291625977,15
ppvm-public,column,64,32,h,5.777974605560303,5.70070743560791,5.904157638549805,5.7590203285217285,5.7882866859436035,15
ppvm-public,column,64,32,mul,602.1690368652344,598.1356201171875,697.4894409179688,600.3952026367188,614.6138305664062,15
ppvm-public,column,64,32,s,10.506709098815918,10.385354042053223,10.734756469726562,10.452985763549805,10.527412414550781,15
ppvm-public,column,64,33,circuit,16.508006086253157,16.21233452690972,16.837688407512626,16.234939729324495,16.594216086647727,15
ppvm-public,column,64,33,cnot,21.885111490885418,21.42626953125,22.350658069957387,21.694992527817234,22.094108812736742,15
ppvm-public,column,64,33,h,5.725013039328835,5.629414413914536,5.804967706853693,5.694437662760417,5.740580240885417,15
ppvm-public,column,64,33,mul,943.0560487689394,933.3175307765151,958.9177911931819,934.8860085227273,943.1448271780303,15
ppvm-public,column,64,33,s,10.284115878018467,10.204122832327178,10.449188232421875,10.279723196318656,10.397863214666193,15
ppvm-public,column,64,512,circuit,20.659976959228516,20.436233520507812,20.824007670084637,20.513586680094402,20.740509033203125,15
ppvm-public,column,64,512,cnot,29.771089553833008,29.538393020629883,30.086278915405273,29.724836349487305,29.956897735595703,15
ppvm-public,column,64,512,h,8.352538108825684,8.282641410827637,8.434653282165527,8.308688640594482,8.372863292694092,15
ppvm-public,column,64,512,mul,61594.3603515625,60911.90625,62445.6787109375,61336.9140625,61636.3525390625,15
ppvm-public,column,64,512,s,21.74131202697754,21.67479133605957,22.27187156677246,21.722476959228516,21.84716796875,15
ppvm-public,column,64,63,circuit,16.18895580150463,16.061825706845237,16.63310314360119,16.18012927827381,16.379005714699073,15
ppvm-public,column,64,63,cnot,24.29037620907738,24.033239939856152,24.893785264756943,24.28101360987103,24.498106941344247,15
ppvm-public,column,64,63,h,5.614144461495536,5.529696509951637,5.820057218036954,5.595938546316964,5.749616350446429,15
ppvm-public,column,64,63,mul,1029.9892113095239,1020.5775669642857,1039.284660218254,1023.109375,1035.773685515873,15
ppvm-public,column,64,63,s,10.362090580047123,10.241715688554068,10.443873814174108,10.346548897879464,10.379125201512897,15
ppvm-public,column,64,64,circuit,16.456339518229168,16.33474604288737,16.79171371459961,16.41050974527995,16.630596160888672,15
ppvm-public,column,64,64,cnot,24.04729652404785,22.56035804748535,24.404367446899414,22.80362319946289,24.0781307220459,15
ppvm-public,column,64,64,h,5.686938762664795,5.590299606323242,5.822300910949707,5.656381130218506,5.773445129394531,15
ppvm-public,column,64,64,mul,1038.4927978515625,1025.1871948242188,1067.9270629882812,1031.842529296875,1059.9517822265625,15
ppvm-public,column,64,64,s,10.433117866516113,10.32535171508789,10.731856346130371,10.40490436553955,10.570565223693848,15
ppvm-public,column,64,65,circuit,16.493890224358974,16.127887119391026,16.66577899639423,16.197061548477564,16.511261768830128,15
ppvm-public,column,64,65,cnot,23.894324669471153,22.041517052283655,24.440354567307693,22.54576134314904,24.12821514423077,15
ppvm-public,column,64,65,h,5.6133563701923075,5.541483248197116,5.673745962289663,5.560811204176683,5.616917067307693,15
ppvm-public,column,64,65,mul,2737.990625,2684.4752403846155,2774.16875,2708.3033653846155,2742.558173076923,15
ppvm-public,column,64,65,s,10.520348182091347,10.335599459134615,10.911051119290866,10.424256310096155,10.607362717848558,15
ppvm-public,column,64,8,circuit,12.59597142537435,12.208991368611654,13.053682327270508,12.49832534790039,12.829568862915039,15
ppvm-public,column,64,8,cnot,17.20329189300537,16.718467712402344,18.04069709777832,17.166614532470703,17.943859100341797,15
ppvm-public,column,64,8,h,5.648274898529053,5.579869270324707,5.751848220825195,5.636712074279785,5.702078342437744,15
ppvm-public,column,64,8,mul,244.9951171875,239.76199340820312,250.02796936035156,244.3625030517578,247.40219116210938,15
ppvm-public,column,64,8,s,10.512392044067383,10.430852890014648,10.671536445617676,10.487237930297852,10.524749755859375,15
quantumclifford,fastcolumn,128,1024,circuit,7257.419270833333,7129.557291666667,7380.303059895833,7160.427408854167,7273.844401041667,15
quantumclifford,fastcolumn,128,1024,cnot,11876.994140625,11798.177734375,13071.6552734375,11840.12890625,12019.9384765625,15
quantumclifford,fastcolumn,128,1024,comm,15.205581665039062,14.626185417175293,16.155322074890137,14.997283935546875,15.71341323852539,15
quantumclifford,fastcolumn,128,1024,h,4847.208740234375,4776.62158203125,4913.4013671875,4797.454833984375,4860.7177734375,15
quantumclifford,fastcolumn,128,1024,mul,54.32399368286133,50.987876892089844,56.48660659790039,52.16407775878906,56.07334899902344,15
quantumclifford,fastcolumn,128,1024,s,5150.47216796875,5021.7490234375,5307.67822265625,5112.36572265625,5163.02490234375,15
quantumclifford,fastcolumn,128,127,circuit,869.8361220472441,860.4617782152231,892.8668799212599,865.1369750656168,884.6682250656168,15
quantumclifford,fastcolumn,128,127,cnot,1469.8009350393702,1434.8446112204724,1546.710999015748,1457.4260580708662,1479.7305610236222,15
quantumclifford,fastcolumn,128,127,comm,1.8628788745309424,1.8322661392332062,1.8959295317882627,1.8347792738065944,1.8769461564191683,15
quantumclifford,fastcolumn,128,127,h,419.9064960629921,410.566375492126,457.81173105314963,419.597625492126,435.8595903051181,15
quantumclifford,fastcolumn,128,127,mul,5.212038055179626,5.146797720841535,5.288111408864419,5.170947457861713,5.234185166246309,15
quantumclifford,fastcolumn,128,127,s,445.64440821850394,435.12010949803147,514.4459584153543,442.013718011811,456.87746062992125,15
quantumclifford,fastcolumn,128,128,circuit,898.8206380208334,888.766845703125,910.9530436197916,897.7525227864584,899.8583170572916,15
quantumclifford,fastcolumn,128,128,cnot,1505.9814453125,1469.696044921875,1517.0745849609375,1492.828369140625,1507.7615966796875,15
quantumclifford,fastcolumn,128,128,comm,1.8296043872833252,1.7753243446350098,1.8926113843917847,1.8053452968597412,1.8916875123977661,15
quantumclifford,fastcolumn,128,128,h,431.7716064453125,409.8536071777344,473.5895690917969,423.9463806152344,436.24114990234375,15
quantumclifford,fastcolumn,128,128,mul,5.219777584075928,5.154331684112549,5.308409214019775,5.161086559295654,5.263844966888428,15
quantumclifford,fastcolumn,128,128,s,462.52313232421875,451.81402587890625,479.2200622558594,458.2646484375,475.9864807128906,15
quantumclifford,fastcolumn,128,129,circuit,891.1195897932816,880.3765342377261,901.3612726098191,885.1037629198967,893.5319767441861,15
quantumclifford,fastcolumn,128,129,cnot,1509.1700581395348,1481.765746124031,1546.8700339147288,1502.8009932170542,1522.5391230620155,15
quantumclifford,fastcolumn,128,129,comm,2.672989009886749,2.6135703389958818,2.7162222455638325,2.6325354760931443,2.6787059695221656,15
quantumclifford,fastcolumn,128,129,h,447.97722868217056,426.28467175387595,477.4999394379845,446.0833938953488,453.24990915697674,15
quantumclifford,fastcolumn,128,129,mul,6.92739134795906,6.779377782067587,7.17979253724564,6.893404701883479,6.97429189755935,15
quantumclifford,fastcolumn,128,129,s,457.48167999031006,447.9936107073643,473.65173812984494,452.12824006782944,458.7698643410853,15
quantumclifford,fastcolumn,128,2048,circuit,14742.906412760416,14585.971354166666,15461.920735677084,14682.1220703125,14865.9736328125,15
quantumclifford,fastcolumn,128,2048,cnot,23886.45458984375,23462.46337890625,24644.47021484375,23703.7353515625,24204.6103515625,15
quantumclifford,fastcolumn,128,2048,comm,32.09797668457031,30.477684020996094,48.9538516998291,31.68543243408203,41.99957847595215,15
quantumclifford,fastcolumn,128,2048,h,9743.265625,9638.08154296875,10001.119140625,9727.35595703125,9777.62841796875,15
quantumclifford,fastcolumn,128,2048,mul,161.42971801757812,144.32015991210938,168.84422302246094,151.3964385986328,163.4877471923828,15
quantumclifford,fastcolumn,128,2048,s,10376.4853515625,10290.771484375,10530.23291015625,10329.2646484375,10495.2392578125,15
quantumclifford,fastcolumn,128,255,circuit,1768.5661764705883,1719.539705882353,1839.896405228758,1728.444934640523,1775.0,15
quantumclifford,fastcolumn,128,255,cnot,2977.6245098039217,2861.734068627451,3035.6414215686273,2930.2183823529413,3002.195588235294,15
quantumclifford,fastcolumn,128,255,comm,2.692478075214461,2.657891726026348,2.755318435968137,2.679603008195466,2.6938344918045343,15
quantumclifford,fastcolumn,128,255,h,1093.3363970588234,1075.9344362745098,1116.628370098039,1089.7212009803923,1095.6265318627452,15
quantumclifford,fastcolumn,128,255,mul,6.917517329197304,6.860371189491421,7.246229702818628,6.879599417892157,7.1745629404105395,15
quantumclifford,fastcolumn,128,255,s,1107.5189338235293,1079.2841299019608,1136.5221200980393,1094.0104166666667,1118.7142769607842,15
quantumclifford,fastcolumn,128,256,circuit,1811.638671875,1778.9103190104167,1865.72265625,1787.5094401041667,1862.4539388020833,15
quantumclifford,fastcolumn,128,256,cnot,2979.105712890625,2905.7822265625,3055.826904296875,2976.959228515625,2986.56201171875,15
quantumclifford,fastcolumn,128,256,comm,2.763172149658203,2.720783233642578,2.8213162422180176,2.7291972637176514,2.7897655963897705,15
quantumclifford,fastcolumn,128,256,h,1154.9911499023438,1133.026123046875,1170.873046875,1140.9886474609375,1157.6995849609375,15
quantumclifford,fastcolumn,128,256,mul,7.0429840087890625,6.869216442108154,7.103264331817627,6.89329719543457,7.055620193481445,15
quantumclifford,fastcolumn,128,256,s,1243.921875,1215.240478515625,1262.8681640625,1222.712158203125,1244.3187255859375,15
quantumclifford,fastcolumn,128,257,circuit,1795.1186770428017,1737.3000972762645,1865.9140726329442,1740.562905317769,1838.575551232166,15
quantumclifford,fastcolumn,128,257,cnot,3000.080982490272,2927.3672178988327,3124.2908560311284,2985.844114785992,3089.6359435797667,15
quantumclifford,fastcolumn,128,257,comm,3.4851983808821743,3.46641688959144,3.5810162139773833,3.4804388261490757,3.5237315137098735,15
quantumclifford,fastcolumn,128,257,h,1124.0272373540856,1094.3731760700389,1526.4925826848248,1108.4883876459144,1339.3168774319065,15
quantumclifford,fastcolumn,128,257,mul,8.359283328520185,8.23614430705861,13.119669279699659,8.275626690935068,10.584454131961333,15
quantumclifford,fastcolumn,128,257,s,1119.6700510700389,1084.7696984435797,1457.535384241245,1088.7139469844358,1221.9900291828794,15
quantumclifford,fastcolumn,128,31,circuit,222.69388440860214,221.04439684139786,226.9965347782258,222.4628696236559,224.13245547715053,15
quantumclifford,fastcolumn,128,31,cnot,384.7774382560484,383.17083543346774,388.43560987903226,384.1684097782258,384.78531376008067,15
quantumclifford,fastcolumn,128,31,comm,1.8694016241258191,1.8555529194493448,1.8947970482610887,1.8670635838662424,1.8704885667370212,15
quantumclifford,fastcolumn,128,31,h,60.81726861769153,59.70173497353831,62.24043520035282,60.43497983870968,60.93228247857863,15
quantumclifford,fastcolumn,128,31,mul,5.355261033581149,5.2967071533203125,5.3945150067729335,5.314734674269153,5.366273941532258,15
quantumclifford,fastcolumn,128,31,s,56.63914834299395,55.89212528351815,65.9132080078125,56.337744928175404,60.43021909652218,15
quantumclifford,fastcolumn,128,32,circuit,235.1396484375,230.1017049153646,248.48258463541666,230.8976847330729,237.791259765625,15
quantumclifford,fastcolumn,128,32,cnot,361.4997863769531,351.7507019042969,373.41436767578125,354.53033447265625,370.6703186035156,15
quantumclifford,fastcolumn,128,32,comm,1.862903356552124,1.8401294946670532,1.9134432077407837,1.861011028289795,1.880263328552246,15
quantumclifford,fastcolumn,128,32,h,63.27024841308594,62.65068054199219,64.605712890625,62.898475646972656,64.19404602050781,15
quantumclifford,fastcolumn,128,32,mul,5.337834358215332,5.287587642669678,5.441744804382324,5.30842924118042,5.377849102020264,15
quantumclifford,fastcolumn,128,32,s,58.868568420410156,57.34602737426758,60.2717399597168,58.00771713256836,59.76359176635742,15
quantumclifford,fastcolumn,128,33,circuit,236.8147490530303,233.01538825757575,244.35434422348484,233.90234375,237.88338462752526,15
quantumclifford,fastcolumn,128,33,cnot,375.28852982954544,368.54631273674244,388.0023378314394,370.06909919507575,382.7200224905303,15
quantumclifford,fastcolumn,128,33,comm,1.8538802175810842,1.8393101547703599,1.9086057489568538,1.8509565411191997,1.8599490541400332,15
quantumclifford,fastcolumn,128,33,h,64.48164136482008,63.19203879616477,65.9646698922822,63.6168212890625,64.55854936079545,15
quantumclifford,fastcolumn,128,33,mul,5.318400527491714,5.282430937795928,5.396505644827178,5.29196768095999,5.344525886304451,15
quantumclifford,fastcolumn,128,33,s,59.38705166903409,58.616714015151516,60.426961263020836,58.79905007102273,59.69454308712121,15
quantumclifford,fastcolumn,128,512,circuit,3647.4879557291665,3529.6360677083335,3997.572265625,3557.4410807291665,3738.8102213541665,15
quantumclifford,fastcolumn,128,512,cnot,6015.64501953125,5901.02099609375,6072.265625,5956.54296875,6032.8369140625,15
quantumclifford,fastcolumn,128,512,comm,5.021910190582275,4.887759685516357,5.51682710647583,4.950463771820068,5.244135856628418,15
quantumclifford,fastcolumn,128,512,h,2428.3905029296875,2379.0689697265625,2455.1036376953125,2386.7899169921875,2441.0299072265625,15
quantumclifford,fastcolumn,128,512,mul,11.089841842651367,10.872323989868164,11.710247039794922,11.02038288116455,11.31749153137207,15
quantumclifford,fastcolumn,128,512,s,2562.551025390625,2505.1474609375,2700.358154296875,2509.419677734375,2605.631591796875,15
quantumclifford,fastcolumn,128,63,circuit,449.65277777777777,443.369708994709,479.7780671296296,446.685226521164,457.7838955026455,15
quantumclifford,fastcolumn,128,63,cnot,771.3526165674604,748.015873015873,815.8327132936508,753.6788814484127,774.543216765873,15
quantumclifford,fastcolumn,128,63,comm,1.9093770829458085,1.8777947804284474,1.9480942014663938,1.8944564092726934,1.9327345348539806,15
quantumclifford,fastcolumn,128,63,h,129.40357607886904,126.56205047123017,139.33648003472223,127.93065631200396,133.56494140625,15
quantumclifford,fastcolumn,128,63,mul,5.304730127728175,5.18225582062252,5.328102717323909,5.187867179749504,5.32275390625,15
quantumclifford,fastcolumn,128,63,s,135.39083426339286,126.6082279265873,160.84216889880952,133.8291015625,153.55670262896825,15
quantumclifford,fastcolumn,128,64,circuit,457.3822021484375,449.5120442708333,464.1655680338542,450.990478515625,463.7061360677083,15
quantumclifford,fastcolumn,128,64,cnot,759.9996337890625,751.3809204101562,776.4613037109375,755.5033569335938,775.56103515625,15
quantumclifford,fastcolumn,128,64,comm,1.8802136182785034,1.8236339092254639,1.9115755558013916,1.8786191940307617,1.882702112197876,15
quantumclifford,fastcolumn,128,64,h,137.8453598022461,126.78718566894531,149.37782287597656,130.57582092285156,144.99855041503906,15
quantumclifford,fastcolumn,128,64,mul,5.229373931884766,5.203703880310059,5.314210891723633,5.220214366912842,5.301495552062988,15
quantumclifford,fastcolumn,128,64,s,144.03598022460938,128.99112701416016,158.86084747314453,131.6639633178711,153.62104034423828,15
quantumclifford,fastcolumn,128,65,circuit,450.1819711538462,445.44771634615387,455.25340544871796,448.93830128205127,454.04811698717947,15
quantumclifford,fastcolumn,128,65,cnot,768.7950721153846,756.3877403846154,781.4302884615385,761.2980769230769,769.586358173077,15
quantumclifford,fastcolumn,128,65,comm,1.8811739408052885,1.8478344257061299,1.9875794630784256,1.8611467801607573,1.892965346116286,15
quantumclifford,fastcolumn,128,65,h,148.64157151442308,138.26310096153847,169.83611778846154,141.8826472355769,154.89471153846154,15
quantumclifford,fastcolumn,128,65,mul,5.271422870342548,5.211189622145433,5.348811692457932,5.255049015925481,5.280108173076923,15
quantumclifford,fastcolumn,128,65,s,140.22122896634616,133.9558894230769,174.81533954326923,135.00413161057693,161.73315805288462,15
quantumclifford,fastcolumn,128,8,circuit,42.56767781575521,42.022918701171875,43.54095458984375,42.37757873535156,42.636024475097656,15
quantumclifford,fastcolumn,128,8,cnot,92.98546600341797,91.85441589355469,94.08537292480469,92.82557678222656,93.26299285888672,15
quantumclifford,fastcolumn,128,8,comm,1.940394401550293,1.9242018461227417,1.9868513345718384,1.9358793497085571,1.9687761068344116,15
quantumclifford,fastcolumn,128,8,h,16.428749084472656,16.287684440612793,16.638795852661133,16.394694328308105,16.511837005615234,15
quantumclifford,fastcolumn,128,8,mul,5.312919616699219,5.273441314697266,5.442559719085693,5.282183647155762,5.411505699157715,15
quantumclifford,fastcolumn,128,8,s,15.198349952697754,15.025934219360352,15.448967933654785,15.102425575256348,15.268525123596191,15
quantumclifford,fastcolumn,16,1024,circuit,4874.1455078125,4788.058919270833,5011.4609375,4829.58984375,4938.897135416667,15
quantumclifford,fastcolumn,16,1024,cnot,5801.126953125,5730.75341796875,5975.40283203125,5767.4560546875,5832.7841796875,15
quantumclifford,fastcolumn,16,1024,comm,95.55085754394531,90.18548583984375,98.18649291992188,90.60319519042969,97.48808288574219,15
quantumclifford,fastcolumn,16,1024,h,4480.031494140625,4394.36865234375,4685.2822265625,4406.168701171875,4656.92138671875,15
quantumclifford,fastcolumn,16,1024,mul,451.74151611328125,408.46380615234375,476.72906494140625,416.73406982421875,463.0762634277344,15
quantumclifford,fastcolumn,16,1024,s,4257.659912109375,4170.644287109375,4402.64892578125,4219.4619140625,4337.087158203125,15
quantumclifford,fastcolumn,16,127,circuit,555.9707595144357,547.4833087270341,561.6780675853018,549.0485564304462,559.9265912073491,15
quantumclifford,fastcolumn,16,127,cnot,675.2839566929134,662.8860113188977,682.7888779527559,674.312561515748,679.8925319881889,15
quantumclifford,fastcolumn,16,127,comm,4.00096671036848,3.965713380828617,4.032815768024114,3.990033247339444,4.029451865849532,15
quantumclifford,fastcolumn,16,127,h,347.72161048228344,324.44174458661416,373.36598794291336,331.2917999507874,351.9162155511811,15
quantumclifford,fastcolumn,16,127,mul,14.405298428272637,14.278862420029528,14.681758850578248,14.404657318836122,14.550637072465552,15
quantumclifford,fastcolumn,16,127,s,361.0128567913386,348.6353961614173,386.13179749015745,360.01067298228344,379.6265071358268,15
quantumclifford,fastcolumn,16,128,circuit,582.2906494140625,573.8338623046875,584.9575602213541,576.7093098958334,583.7351481119791,15
quantumclifford,fastcolumn,16,128,cnot,706.4208984375,698.0819702148438,711.9852905273438,698.5524291992188,707.31103515625,15
quantumclifford,fastcolumn,16,128,comm,4.6013195514678955,4.555980443954468,4.821360111236572,4.589418649673462,4.788646936416626,15
quantumclifford,fastcolumn,16,128,h,335.1961669921875,318.8692626953125,371.0441589355469,325.2004089355469,344.6070556640625,15
quantumclifford,fastcolumn,16,128,mul,14.699101448059082,14.461159706115723,15.389880180358887,14.472683906555176,15.138506889343262,15
quantumclifford,fastcolumn,16,128,s,385.69512939453125,366.9586181640625,403.9357604980469,379.1084289550781,386.2215576171875,15
quantumclifford,fastcolumn,16,129,circuit,565.7350209948321,553.1650516795866,570.5497012273902,557.436369509044,567.8075742894057,15
quantumclifford,fastcolumn,16,129,cnot,685.9026768410853,676.687136627907,697.6996729651163,678.9531855620155,692.6099200581396,15
quantumclifford,fastcolumn,16,129,comm,4.41688715025436,4.389356273089269,5.552326527676841,4.400208938953488,4.705719703851744,15
quantumclifford,fastcolumn,16,129,h,340.77867611434107,316.72547238372096,365.17002785852713,331.42814316860466,343.21505571705427,15
quantumclifford,fastcolumn,16,129,mul,16.1345337860344,15.965937651405039,17.249134152434593,16.066716630329456,16.897905689801355,15
quantumclifford,fastcolumn,16,129,s,362.1936773255814,359.9856770833333,374.38680959302326,361.9589995155039,368.54508842054264,15
quantumclifford,fastcolumn,16,2048,circuit,9803.561686197916,9726.548828125,9882.37158203125,9778.6865234375,9806.82373046875,15
quantumclifford,fastcolumn,16,2048,cnot,11690.47021484375,11492.4111328125,11856.99462890625,11499.00341796875,11725.68798828125,15
quantumclifford,fastcolumn,16,2048,comm,259.5609130859375,234.36546325683594,262.70420837402344,240.41683959960938,260.3302001953125,15
quantumclifford,fastcolumn,16,2048,h,9024.02783203125,8677.04248046875,9161.84521484375,8733.6015625,9133.36181640625,15
quantumclifford,fastcolumn,16,2048,mul,1205.6375732421875,1150.609375,1256.89697265625,1160.9878540039062,1252.0904541015625,15
quantumclifford,fastcolumn,16,2048,s,8545.654296875,8376.77001953125,8654.642578125,8440.59228515625,8576.5791015625,15
quantumclifford,fastcolumn,16,255,circuit,1100.5889705882353,1076.6782679738562,1127.3454248366013,1094.345751633987,1117.422385620915,15
quantumclifford,fastcolumn,16,255,cnot,1324.0808823529412,1315.1704656862746,1351.98125,1323.2791666666667,1344.9448529411766,15
quantumclifford,fastcolumn,16,255,comm,7.141133386948529,7.03117005591299,7.24345703125,7.050856885723039,7.152621878829657,15
quantumclifford,fastcolumn,16,255,h,894.1968137254902,865.6761029411765,907.5674019607843,873.5090073529411,899.3770220588235,15
quantumclifford,fastcolumn,16,255,mul,30.12352366727941,29.81802619485294,30.79036075367647,30.041743259803923,30.171394378063727,15
quantumclifford,fastcolumn,16,255,s,914.4020220588235,901.2867647058823,939.4097426470588,907.2636029411765,932.5903799019608,15
quantumclifford,fastcolumn,16,256,circuit,1214.0875651041667,1187.2626139322917,1230.7501627604167,1201.629638671875,1226.07080078125,15
quantumclifford,fastcolumn,16,256,cnot,1465.9881591796875,1441.2078857421875,1498.046875,1454.4727783203125,1486.4959716796875,15
quantumclifford,fastcolumn,16,256,comm,8.895059585571289,8.661468982696533,9.033660411834717,8.753657341003418,8.991479873657227,15
quantumclifford,fastcolumn,16,256,h,1008.270263671875,977.7984619140625,1031.9315185546875,984.8530883789062,1017.2907104492188,15
quantumclifford,fastcolumn,16,256,mul,38.00972366333008,35.579681396484375,39.13672637939453,37.28707695007324,38.79117965698242,15
quantumclifford,fastcolumn,16,256,s,1028.6026000976562,999.0158081054688,1033.9126586914062,1004.8929443359375,1028.8645629882812,15
quantumclifford,fastcolumn,16,257,circuit,1120.9670881971465,1110.1789072632944,1161.7690499351493,1113.3504377431907,1146.228518158236,15
quantumclifford,fastcolumn,16,257,cnot,1356.7303015564203,1325.5511916342411,1371.053258754864,1342.5036478599222,1359.1369163424124,15
quantumclifford,fastcolumn,16,257,comm,7.519040593841196,7.378604161600195,8.315822497416098,7.44193490469966,7.945791756596547,15
quantumclifford,fastcolumn,16,257,h,894.3564567120623,867.2533438715953,984.9551313229572,886.2956590466927,930.5031614785992,15
quantumclifford,fastcolumn,16,257,mul,32.21421297422179,31.18722261065175,34.88978523224708,32.138293789518485,33.11612544078307,15
quantumclifford,fastcolumn,16,257,s,941.0313107976654,897.1709022373541,958.9590831712062,910.9618190661479,951.8026507782101,15
quantumclifford,fastcolumn,16,31,circuit,141.26073168682797,140.281985047043,142.33660954301075,140.85470220094086,141.4344233030914,15
quantumclifford,fastcolumn,16,31,cnot,171.54356728830646,168.61060357862902,175.6224168346774,169.25114982358872,172.45515688004033,15
quantumclifford,fastcolumn,16,31,comm,2.0806251033659904,2.0565063722672,2.118807884954637,2.0626231778052544,2.0861420169953377,15
quantumclifford,fastcolumn,16,31,h,50.285585464969756,49.069643082157256,51.61949896043347,50.06556357106855,50.66246377268145,15
quantumclifford,fastcolumn,16,31,mul,6.087251724735383,5.973344372164819,6.252616636214718,6.0041489139679936,6.1035564791771675,15
quantumclifford,fastcolumn,16,31,s,33.61543913810484,32.64306246849798,34.458856398059474,32.8480716828377,33.96368408203125,15
quantumclifford,fastcolumn,16,32,circuit,151.5736083984375,148.54346720377603,155.57394409179688,149.45602416992188,152.08265177408853,15
quantumclifford,fastcolumn,16,32,cnot,159.06842041015625,155.1011505126953,170.2861785888672,156.97288513183594,160.92491149902344,15
quantumclifford,fastcolumn,16,32,comm,2.0846575498580933,2.0419260263442993,2.1516928672790527,2.051000714302063,2.1331608295440674,15
quantumclifford,fastcolumn,16,32,h,49.44928741455078,48.680782318115234,51.29861831665039,49.382686614990234,49.98747253417969,15
quantumclifford,fastcolumn,16,32,mul,6.106357097625732,6.018519401550293,6.289064884185791,6.026943206787109,6.12477445602417,15
quantumclifford,fastcolumn,16,32,s,34.860530853271484,34.43479537963867,35.78448295593262,34.795522689819336,35.036245346069336,15
quantumclifford,fastcolumn,16,33,circuit,150.33430989583334,148.28007615214648,153.3585365372475,148.86084477588383,153.12590751262627,15
quantumclifford,fastcolumn,16,33,cnot,161.27768406723484,154.4325136126894,169.27453243371212,156.6340849905303,164.76840672348484,15
quantumclifford,fastcolumn,16,33,comm,2.3839932066021543,2.3614229144472065,2.5404535929361978,2.375198133064039,2.5068437980883047,15
quantumclifford,fastcolumn,16,33,h,53.91716234611742,52.71649724786932,66.27600837476325,52.9327392578125,61.652750651041664,15
quantumclifford,fastcolumn,16,33,mul,7.494377367424242,7.4247112852154356,8.074191931522254,7.482721502130682,7.559766364820076,15
quantumclifford,fastcolumn,16,33,s,35.86185339725379,34.71913840553977,42.16827947443182,35.26537346117424,39.6351669773911,15
quantumclifford,fastcolumn,16,512,circuit,2452.40625,2394.4973958333335,2523.6884765625,2424.6554361979165,2477.5729166666665,15
quantumclifford,fastcolumn,16,512,cnot,2922.637939453125,2887.298583984375,3010.92529296875,2907.521484375,2941.81298828125,15
quantumclifford,fastcolumn,16,512,comm,19.33626365661621,17.4122257232666,19.97208595275879,17.66049861907959,19.54507827758789,15
quantumclifford,fastcolumn,16,512,h,2210.41357421875,2148.895263671875,2294.7235107421875,2168.818115234375,2233.820556640625,15
quantumclifford,fastcolumn,16,512,mul,185.82090759277344,177.09605407714844,189.5631103515625,184.695556640625,187.9393310546875,15
quantumclifford,fastcolumn,16,512,s,2121.709228515625,2095.6573486328125,2402.369140625,2114.3697509765625,2164.520263671875,15
quantumclifford,fastcolumn,16,63,circuit,278.7061218584656,276.0037822420635,282.5047329695767,276.6927083333333,281.9949156746032,15
quantumclifford,fastcolumn,16,63,cnot,342.6571800595238,339.0635230654762,351.8285900297619,342.4918464781746,344.0419456845238,15
quantumclifford,fastcolumn,16,63,comm,2.6634356786334323,2.648772224547371,2.719455295138889,2.658137730189732,2.681974380735367,15
quantumclifford,fastcolumn,16,63,h,109.65304904513889,107.35696459573413,118.3458736359127,107.72769407242063,113.22893415178571,15
quantumclifford,fastcolumn,16,63,mul,8.784339541480655,8.665357317243304,8.991968064081101,8.739410884796627,8.854498000372024,15
quantumclifford,fastcolumn,16,63,s,86.26495845734127,79.90342106894842,121.59301370287699,82.49563647073413,103.97387307787699,15
quantumclifford,fastcolumn,16,64,circuit,290.75282796223956,287.9638671875,294.22930908203125,289.8898518880208,293.0085856119792,15
quantumclifford,fastcolumn,16,64,cnot,350.7792053222656,347.2938537597656,360.272705078125,347.8952941894531,354.0560607910156,15
quantumclifford,fastcolumn,16,64,comm,2.765824556350708,2.7382373809814453,2.8148193359375,2.765695095062256,2.8007924556732178,15
quantumclifford,fastcolumn,16,64,h,105.27229309082031,102.45609283447266,131.4684600830078,103.82715606689453,111.15996551513672,15
quantumclifford,fastcolumn,16,64,mul,8.844455242156982,8.65385913848877,8.986909866333008,8.743584156036377,8.890131950378418,15
quantumclifford,fastcolumn,16,64,s,99.88848876953125,88.12744903564453,120.50025177001953,99.35442352294922,100.65142059326172,15
quantumclifford,fastcolumn,16,65,circuit,284.64459134615385,281.96947115384614,293.01883012820514,284.2130608974359,291.2109375,15
quantumclifford,fastcolumn,16,65,cnot,341.90078125,336.5259314903846,355.9620192307692,339.84876802884617,348.7717848557692,15
quantumclifford,fastcolumn,16,65,comm,2.9603128286508413,2.9124920184795675,3.0209075927734377,2.920043006310096,2.9994866004356973,15
quantumclifford,fastcolumn,16,65,h,108.01250751201923,104.25774489182692,123.88008563701923,107.85663311298077,109.41631610576923,15
quantumclifford,fastcolumn,16,65,mul,10.407550518329327,10.199130483774038,10.840195875901442,10.29177997295673,10.434390024038462,15
quantumclifford,fastcolumn,16,65,s,101.65514573317307,89.57269381009615,127.87710336538461,97.33135516826923,108.6685546875,15
quantumclifford,fastcolumn,16,8,circuit,21.87379201253255,21.481990814208984,22.391265869140625,21.866214752197266,21.890640258789062,15
quantumclifford,fastcolumn,16,8,cnot,38.937252044677734,38.306396484375,39.53886032104492,38.47789764404297,39.04914855957031,15
quantumclifford,fastcolumn,16,8,comm,1.7467985153198242,1.7310678958892822,1.8217265605926514,1.7460088729858398,1.750066876411438,15
quantumclifford,fastcolumn,16,8,h,10.893583297729492,10.737180709838867,11.169513702392578,10.873238563537598,11.017560958862305,15
quantumclifford,fastcolumn,16,8,mul,4.846473693847656,4.81647253036499,4.977941513061523,4.829923152923584,4.959364414215088,15
quantumclifford,fastcolumn,16,8,s,9.130716323852539,8.96143913269043,9.382526397705078,9.126762866973877,9.171823978424072,15
quantumclifford,fastcolumn,32,1024,circuit,4929.674153645833,4810.004231770833,5521.6201171875,4858.9140625,5382.2021484375,15
quantumclifford,fastcolumn,32,1024,cnot,5662.73974609375,5614.990234375,6937.19482421875,5633.259765625,6425.86279296875,15
quantumclifford,fastcolumn,32,1024,comm,54.628849029541016,53.77626419067383,56.58912658691406,54.13277816772461,55.193267822265625,15
quantumclifford,fastcolumn,32,1024,h,4631.825927734375,4430.11474609375,4967.966552734375,4457.499267578125,4786.376953125,15
quantumclifford,fastcolumn,32,1024,mul,195.81350708007812,167.17910766601562,225.17776489257812,191.93966674804688,206.2397003173828,15
quantumclifford,fastcolumn,32,1024,s,4311.350341796875,4278.26953125,4614.105224609375,4300.0693359375,4479.624267578125,15
quantumclifford,fastcolumn,32,127,circuit,548.5154199475065,538.6677739501313,560.0120160761155,539.4708825459318,549.2689878608924,15
quantumclifford,fastcolumn,32,127,cnot,659.8871186023622,650.9007135826772,675.2532603346457,653.0485974409448,668.2378813976378,15
quantumclifford,fastcolumn,32,127,comm,2.656270905742495,2.6190449872354824,2.6820625845841537,2.631520188699557,2.663499727023868,15
quantumclifford,fastcolumn,32,127,h,326.376906988189,305.58975147637796,363.1171875,320.30481053149606,332.86300442913387,15
quantumclifford,fastcolumn,32,127,mul,8.471751776267224,8.373891274760089,8.59137924074188,8.414120651605561,8.512662151667076,15
quantumclifford,fastcolumn,32,127,s,373.4787770669291,365.5457984744094,407.83018577755905,367.5796628937008,378.4602608267717,15
quantumclifford,fastcolumn,32,128,circuit,566.5622151692709,553.9415283203125,580.0662841796875,564.3836263020834,575.6463216145834,15
quantumclifford,fastcolumn,32,128,cnot,684.2677001953125,653.9052124023438,700.531005859375,669.3267822265625,695.2056884765625,15
quantumclifford,fastcolumn,32,128,comm,2.7696690559387207,2.7490158081054688,2.793779134750366,2.766261577606201,2.7869443893432617,15
quantumclifford,fastcolumn,32,128,h,349.5941162109375,321.41241455078125,376.1863708496094,333.4248962402344,355.83367919921875,15
quantumclifford,fastcolumn,32,128,mul,8.543212890625,8.410910606384277,8.701722145080566,8.51835823059082,8.664488792419434,15
quantumclifford,fastcolumn,32,128,s,383.6581115722656,376.4190673828125,416.14788818359375,379.5560302734375,388.0831298828125,15
quantumclifford,fastcolumn,32,129,circuit,556.593507751938,543.4868782299742,569.2391795865633,546.9809835271318,565.7299741602067,15
quantumclifford,fastcolumn,32,129,cnot,679.5714631782946,661.0142320736434,691.312863372093,667.6280886627907,680.1013808139535,15
quantumclifford,fastcolumn,32,129,comm,2.963852046996124,2.9462573620700097,3.037780525148377,2.9611610590025434,2.9808754144712934,15
quantumclifford,fastcolumn,32,129,h,321.77861555232556,311.73289123062017,345.9529433139535,315.136960998062,335.48831153100775,15
quantumclifford,fastcolumn,32,129,mul,10.173117467599322,10.122806519500969,10.250594264777131,10.147686152495154,10.225124152131784,15
quantumclifford,fastcolumn,32,129,s,381.70724321705427,364.73095324612405,392.46962814922483,379.1585816375969,389.48316375968994,15
quantumclifford,fastcolumn,32,2048,circuit,9646.78955078125,9538.57421875,9857.530436197916,9568.54931640625,9678.03955078125,15
quantumclifford,fastcolumn,32,2048,cnot,11282.65380859375,11148.92578125,11392.5986328125,11199.30029296875,11309.6923828125,15
quantumclifford,fastcolumn,32,2048,comm,144.19683074951172,137.37615203857422,149.06438446044922,139.59821319580078,146.772705078125,15
quantumclifford,fastcolumn,32,2048,h,9117.0654296875,8966.9599609375,9280.21240234375,9071.81787109375,9181.45751953125,15
quantumclifford,fastcolumn,32,2048,mul,793.2815551757812,751.4979248046875,825.9404296875,787.5391845703125,803.3294677734375,15
quantumclifford,fastcolumn,32,2048,s,8530.61962890625,8360.697265625,8714.17236328125,8423.197265625,8657.1044921875,15
quantumclifford,fastcolumn,32,255,circuit,1103.1419934640523,1065.2437091503268,1141.5951797385621,1076.266339869281,1120.1865196078431,15
quantumclifford,fastcolumn,32,255,cnot,1297.7737745098038,1279.8406862745098,1334.0789215686275,1292.2845588235293,1326.7667892156862,15
quantumclifford,fastcolumn,32,255,comm,4.010807770373774,3.972201956954657,4.066537176393995,3.994870653339461,4.064572562423407,15
quantumclifford,fastcolumn,32,255,h,880.1776960784314,858.5222426470589,898.8612745098039,876.8356617647058,887.5076593137255,15
quantumclifford,fastcolumn,32,255,mul,14.162270220588235,14.088429649203432,14.38331418504902,14.157124119178922,14.304206878063725,15
quantumclifford,fastcolumn,32,255,s,916.4215686274509,898.7260416666667,963.4982843137254,902.8671568627451,958.0908088235294,15
quantumclifford,fastcolumn,32,256,circuit,1199.9037272135417,1189.88037109375,1217.186767578125,1197.93701171875,1201.7110188802083,15
quantumclifford,fastcolumn,32,256,cnot,1414.8712158203125,1388.8193359375,1439.2547607421875,1399.8565673828125,1435.4044189453125,15
quantumclifford,fastcolumn,32,256,comm,4.651357650756836,4.573007583618164,4.697124004364014,4.57539176940918,4.663964033126831,15
quantumclifford,fastcolumn,32,256,h,986.1221313476562,963.9892578125,1016.9397583007812,968.6737060546875,987.6632690429688,15
quantumclifford,fastcolumn,32,256,mul,14.559547424316406,14.286518096923828,14.88494873046875,14.423807144165039,14.839410781860352,15
quantumclifford,fastcolumn,32,256,s,1022.94921875,1004.6972045898438,1044.4615478515625,1014.752685546875,1037.823974609375,15
quantumclifford,fastcolumn,32,257,circuit,1106.5951686121919,1077.1792315175098,1133.3968060959792,1082.9482814526589,1126.7361381322958,15
quantumclifford,fastcolumn,32,257,cnot,1331.0635943579766,1292.887645914397,1352.5605544747082,1299.3779182879377,1336.1806906614786,15
quantumclifford,fastcolumn,32,257,comm,4.390721421297422,4.32950814688716,4.477366169139105,4.364587687332806,4.462166752796692,15
quantumclifford,fastcolumn,32,257,h,902.161357003891,874.3261186770428,927.6583779182879,879.8156614785992,918.5640807392996,15
quantumclifford,fastcolumn,32,257,mul,15.718611305325876,15.3827992005107,16.18397373540856,15.571129468628405,16.021332380836576,15
quantumclifford,fastcolumn,32,257,s,943.397373540856,904.020732003891,1043.0776994163425,911.7927407587549,959.035019455253,15
quantumclifford,fastcolumn,32,31,circuit,141.80020371303763,135.88219296034947,151.99241851478496,136.46017095094086,149.84677419354838,15
quantumclifford,fastcolumn,32,31,cnot,172.75771799395162,167.71148878528226,188.41486580141128,168.00089780745967,181.9425245715726,15
quantumclifford,fastcolumn,32,31,comm,1.7644359219458796,1.7402813819146925,1.8345515343450731,1.7526534295851184,1.7726702536306074,15
quantumclifford,fastcolumn,32,31,h,50.47755087575605,49.222884639616936,53.62791787424395,49.68753937752016,50.69068170362903,15
quantumclifford,fastcolumn,32,31,mul,4.796869093371976,4.7866964032573085,4.9017014042023686,4.789249789330267,4.859801261655746,15
quantumclifford,fastcolumn,32,31,s,33.655228153351814,32.85586449407762,34.37444280808972,33.640052057081654,33.761630150579634,15
quantumclifford,fastcolumn,32,32,circuit,148.04373168945312,145.00639851888022,150.7576904296875,147.65717569986978,148.19166056315103,15
quantumclifford,fastcolumn,32,32,cnot,155.517578125,149.27005767822266,160.3921356201172,150.4802703857422,157.49041748046875,15
quantumclifford,fastcolumn,32,32,comm,1.7861474752426147,1.7480601072311401,1.8880466222763062,1.7602542638778687,1.7915418148040771,15
quantumclifford,fastcolumn,32,32,h,50.16437911987305,48.6903190612793,51.61841583251953,49.8741455078125,50.348758697509766,15
quantumclifford,fastcolumn,32,32,mul,4.860063552856445,4.780788898468018,4.919111728668213,4.796802997589111,4.896879196166992,15
quantumclifford,fastcolumn,32,32,s,35.37980842590332,34.282365798950195,36.18534469604492,34.995317459106445,35.63467597961426,15
quantumclifford,fastcolumn,32,33,circuit,146.85963147095958,145.5053464330808,148.7449396306818,146.27804411300505,147.00266335227272,15
quantumclifford,fastcolumn,32,33,cnot,156.68094519412878,154.81782670454547,161.39605527935606,155.7555486505682,158.6519590435606,15
quantumclifford,fastcolumn,32,33,comm,2.1190258372913706,2.089375235817649,2.160264911073627,2.10331425522313,2.134327859589548,15
quantumclifford,fastcolumn,32,33,h,52.855520537405305,50.52061878551137,78.57290187026516,51.43799567945076,64.1681426077178,15
quantumclifford,fastcolumn,32,33,mul,6.002175533410274,5.906615286162405,6.071302471738873,5.978304776278409,6.054849335641572,15
quantumclifford,fastcolumn,32,33,s,35.09652617483428,34.670589562618375,36.34443248401988,34.87889330314867,35.23755437677557,15
quantumclifford,fastcolumn,32,512,circuit,2432.7731119791665,2350.7418619791665,2628.6484375,2369.7713216145835,2507.62939453125,15
quantumclifford,fastcolumn,32,512,cnot,2839.609619140625,2764.58740234375,3092.458251953125,2773.2646484375,3029.510498046875,15
quantumclifford,fastcolumn,32,512,comm,12.053132057189941,9.43062686920166,17.894904136657715,9.457608222961426,14.969468116760254,15
quantumclifford,fastcolumn,32,512,h,2584.574462890625,2119.5323486328125,3091.603515625,2151.713134765625,2634.979248046875,15
quantumclifford,fastcolumn,32,512,mul,50.04676055908203,38.02283477783203,58.46834182739258,41.56986999511719,51.9730224609375,15
quantumclifford,fastcolumn,32,512,s,2240.07666015625,2056.279541015625,2424.1485595703125,2063.451171875,2376.9429931640625,15
quantumclifford,fastcolumn,32,63,circuit,271.12010168650795,267.5918898809524,277.11898561507934,269.3435226521164,275.2046130952381,15
quantumclifford,fastcolumn,32,63,cnot,327.69227430555554,326.5929749503968,336.95411706349205,327.49593874007934,333.74798487103175,15
quantumclifford,fastcolumn,32,63,comm,2.0889403328062994,2.061576479957217,2.1975280519515747,2.0750944349500866,2.1428456382145957,15
quantumclifford,fastcolumn,32,63,h,107.7825908358135,102.78255983382937,116.64625961061508,103.78333488343254,109.90817212301587,15
quantumclifford,fastcolumn,32,63,mul,5.91564699203249,5.888419015066964,6.0119226849268355,5.906220935639881,5.932661752852183,15
quantumclifford,fastcolumn,32,63,s,103.271484375,92.13014632936508,142.31138392857142,99.41302393353175,111.70693049355158,15
quantumclifford,fastcolumn,32,64,circuit,292.6949462890625,283.9914957682292,295.3033447265625,285.59027099609375,294.37424723307294,15
quantumclifford,fastcolumn,32,64,cnot,341.3594665527344,335.693359375,344.8321228027344,338.79852294921875,342.7975769042969,15
quantumclifford,fastcolumn,32,64,comm,2.130006790161133,2.0981181859970093,2.1702945232391357,2.111092209815979,2.158135175704956,15
quantumclifford,fastcolumn,32,64,h,103.60209655761719,101.07071685791016,107.57827758789062,101.58157348632812,105.64390563964844,15
quantumclifford,fastcolumn,32,64,mul,5.916515827178955,5.861222743988037,6.085554599761963,5.898972034454346,6.051679611206055,15
quantumclifford,fastcolumn,32,64,s,117.22406005859375,102.68338012695312,152.84410095214844,106.4936294555664,142.19219970703125,15
quantumclifford,fastcolumn,32,65,circuit,284.60618990384614,280.14905849358973,307.3217147435897,282.4861378205128,287.89481169871794,15
quantumclifford,fastcolumn,32,65,cnot,340.70264423076924,334.9746995192308,383.46727764423076,335.6958533653846,353.97259615384615,15
quantumclifford,fastcolumn,32,65,comm,2.372047072190505,2.3401017409104568,2.3905534010667067,2.3528857891376203,2.383540226862981,15
quantumclifford,fastcolumn,32,65,h,109.24479417067307,102.98257962740385,122.49380258413461,105.45810546875,109.38846153846154,15
quantumclifford,fastcolumn,32,65,mul,7.346793776292067,7.189217904897837,7.489444204477164,7.197649207481971,7.450221135066106,15
quantumclifford,fastcolumn,32,65,s,119.04015174278847,98.77022235576923,137.23395432692308,105.89975210336539,132.21372445913462,15
quantumclifford,fastcolumn,32,8,circuit,21.352767944335938,20.840221405029297,24.06787872314453,20.967112223307293,21.423975626627605,15
quantumclifford,fastcolumn,32,8,cnot,37.91078186035156,36.950429916381836,38.273969650268555,37.29406929016113,38.16191482543945,15
quantumclifford,fastcolumn,32,8,comm,1.803989291191101,1.779213547706604,1.8339505195617676,1.7844587564468384,1.8100390434265137,15
quantumclifford,fastcolumn,32,8,h,10.515372276306152,10.396480560302734,11.826118469238281,10.464033126831055,10.786731719970703,15
quantumclifford,fastcolumn,32,8,mul,4.844407081604004,4.7694244384765625,4.9490132331848145,4.782716751098633,4.916091442108154,15
quantumclifford,fastcolumn,32,8,s,8.933206558227539,8.656720638275146,10.119458198547363,8.80195665359497,9.517987251281738,15
quantumclifford,fastcolumn,64,1024,circuit,4802.8564453125,4745.34765625,4859.781901041667,4771.185872395833,4824.435546875,15
quantumclifford,fastcolumn,64,1024,cnot,5594.03515625,5470.947265625,5759.37890625,5538.9609375,5621.9892578125,15
quantumclifford,fastcolumn,64,1024,comm,42.54706573486328,36.87397384643555,44.57203674316406,42.04956817626953,44.155914306640625,15
quantumclifford,fastcolumn,64,1024,h,4472.1171875,4424.407958984375,4614.1865234375,4431.0810546875,4487.24365234375,15
quantumclifford,fastcolumn,64,1024,mul,184.6974639892578,170.91941833496094,204.1759490966797,177.0426483154297,187.47265625,15
quantumclifford,fastcolumn,64,1024,s,4271.25048828125,4218.404052734375,4500.294921875,4232.79833984375,4332.834716796875,15
quantumclifford,fastcolumn,64,127,circuit,537.005126312336,527.5419537401575,553.6451361548557,529.7633694225722,546.8288631889764,15
quantumclifford,fastcolumn,64,127,cnot,623.1237696850394,615.8572219488188,637.1006397637796,622.0728961614174,629.2804502952756,15
quantumclifford,fastcolumn,64,127,comm,1.7146363746462845,1.6938006784033588,1.7726377952755905,1.6997480016993725,1.739421934593381,15
quantumclifford,fastcolumn,64,127,h,319.0873216043307,308.4719795767717,359.10457677165357,318.5388164370079,321.58384596456693,15
quantumclifford,fastcolumn,64,127,mul,5.964484267347441,5.889992541215551,6.02774216058686,5.944840558870571,5.978581946665846,15
quantumclifford,fastcolumn,64,127,s,371.9857283464567,358.4919721948819,392.2628567913386,370.57086614173227,375.00384473425197,15
quantumclifford,fastcolumn,64,128,circuit,564.454833984375,555.2995198567709,578.7200927734375,563.8275146484375,573.7847086588541,15
quantumclifford,fastcolumn,64,128,cnot,660.9649658203125,652.6591186523438,682.7163696289062,656.92138671875,663.6403198242188,15
quantumclifford,fastcolumn,64,128,comm,1.7529228925704956,1.7424921989440918,1.8044809103012085,1.7457455396652222,1.7882486581802368,15
quantumclifford,fastcolumn,64,128,h,345.9968566894531,323.468505859375,363.4427185058594,324.4718017578125,352.0177307128906,15
quantumclifford,fastcolumn,64,128,mul,6.011784076690674,5.955040454864502,6.393909454345703,5.970875263214111,6.185153961181641,15
quantumclifford,fastcolumn,64,128,s,392.99517822265625,372.3093566894531,429.23992919921875,377.8521423339844,393.49237060546875,15
quantumclifford,fastcolumn,64,129,circuit,545.9682251291989,531.187742248062,559.3995478036176,536.8570332687339,556.4740794573644,15
quantumclifford,fastcolumn,64,129,cnot,658.3369064922481,632.7847020348837,666.1947674418604,633.2086967054264,658.5311894379845,15
quantumclifford,fastcolumn,64,129,comm,2.0804194960483287,2.039212012475775,2.1048355693964993,2.05214448677477,2.080774469893108,15
quantumclifford,fastcolumn,64,129,h,336.4825581395349,312.26280886627904,372.8639171511628,334.28212814922483,353.7023679748062,15
quantumclifford,fastcolumn,64,129,mul,7.641361207000969,7.542395776556444,8.13845470339753,7.626456800357316,7.741942886234254,15
quantumclifford,fastcolumn,64,129,s,384.6558563468992,359.59202398255815,397.2741945251938,373.50109011627904,385.44443435077517,15
quantumclifford,fastcolumn,64,2048,circuit,9641.66259765625,9531.182291666666,10396.762369791666,9553.744791666666,9803.514322916666,15
quantumclifford,fastcolumn,64,2048,cnot,11157.369140625,11030.86376953125,11245.52392578125,11076.39599609375,11173.3603515625,15
quantumclifford,fastcolumn,64,2048,comm,69.79767608642578,61.815582275390625,87.71975708007812,64.51161193847656,85.70702743530273,15
quantumclifford,fastcolumn,64,2048,h,8917.74462890625,8783.203125,9174.8251953125,8820.455078125,9012.3701171875,15
quantumclifford,fastcolumn,64,2048,mul,268.3480529785156,246.35568237304688,288.937255859375,263.31201171875,283.9024963378906,15
quantumclifford,fastcolumn,64,2048,s,8501.28173828125,8379.2724609375,8572.95751953125,8467.30517578125,8513.427734375,15
quantumclifford,fastcolumn,64,255,circuit,1083.615931372549,1053.8739379084968,1106.1955065359477,1074.4859477124182,1094.8291666666667,15
quantumclifford,fastcolumn,64,255,cnot,1252.2518382352941,1243.7295343137255,1354.5699754901962,1248.4017156862744,1264.2208333333333,15
quantumclifford,fastcolumn,64,255,comm,2.463875564874387,2.420482919730392,2.5228862687653186,2.4373671587775734,2.4914112764246323,15
quantumclifford,fastcolumn,64,255,h,891.5696691176471,875.5361519607843,911.2541053921568,889.271875,892.9049019607843,15
quantumclifford,fastcolumn,64,255,mul,9.169076478247549,9.072317325367647,10.137221392463236,9.157487457873774,9.232025984221814,15
quantumclifford,fastcolumn,64,255,s,910.9528186274509,905.4585171568627,1013.3629289215686,910.7511029411764,971.3465073529412,15
quantumclifford,fastcolumn,64,256,circuit,1206.298828125,1182.06787109375,1256.6731770833333,1187.6627604166667,1223.7413736979167,15
quantumclifford,fastcolumn,64,256,cnot,1362.604736328125,1322.931884765625,1453.9642333984375,1354.3701171875,1432.917236328125,15
quantumclifford,fastcolumn,64,256,comm,2.6333134174346924,2.612461566925049,3.580371618270874,2.6282172203063965,3.125488758087158,15
quantumclifford,fastcolumn,64,256,h,984.6725463867188,963.7527465820312,1050.7125854492188,972.4884033203125,1023.0967407226562,15
quantumclifford,fastcolumn,64,256,mul,9.290675163269043,9.14674997329712,11.435270309448242,9.2528657913208,9.87782096862793,15
quantumclifford,fastcolumn,64,256,s,1033.3455200195312,1014.4577026367188,1081.3699951171875,1032.0027465820312,1046.941162109375,15
quantumclifford,fastcolumn,64,257,circuit,1107.7807230869,1070.3226329442282,1156.1892023346304,1077.929069390402,1115.0697146562904,15
quantumclifford,fastcolumn,64,257,cnot,1301.9567120622569,1261.723857003891,1324.036357003891,1278.8788910505837,1307.5856031128405,15
quantumclifford,fastcolumn,64,257,comm,2.8624873179869894,2.8274377013922667,2.938810949659533,2.8455563556359436,2.874975538439324,15
quantumclifford,fastcolumn,64,257,h,902.2855058365759,887.0556298638132,923.3366366731517,898.1081590466927,906.3589494163424,15
quantumclifford,fastcolumn,64,257,mul,11.34699792527967,11.159894060068094,13.252544952273833,11.295383557271402,11.609860431359436,15
quantumclifford,fastcolumn,64,257,s,944.2510943579766,926.7717047665369,979.7290856031128,935.3999270428016,963.2782101167315,15
quantumclifford,fastcolumn,64,31,circuit,139.79894363239248,136.58968623991936,162.64535030241936,136.80669312836022,144.93070606518816,15
quantumclifford,fastcolumn,64,31,cnot,170.02031880040323,166.0490958921371,262.1309066280242,167.1720010080645,205.78428994455646,15
quantumclifford,fastcolumn,64,31,comm,1.4240203365202873,1.4018756497290827,1.4422118894515499,1.4150527215773059,1.4314497670819681,15
quantumclifford,fastcolumn,64,31,h,51.476424678679436,49.583842615927416,64.65559239541331,50.270818894909276,51.79423670614919,15
quantumclifford,fastcolumn,64,31,mul,4.8350264026272685,4.794407998361895,5.1662691177860385,4.812148309523059,4.950267176474294,15
quantumclifford,fastcolumn,64,31,s,34.30807396673387,32.892780919228834,66.19828747164819,33.426511702998994,49.717893538936494,15
quantumclifford,fastcolumn,64,32,circuit,148.1980183919271,145.38235473632812,152.42046101888022,146.31017049153647,150.05451456705728,15
quantumclifford,fastcolumn,64,32,cnot,157.62391662597656,153.03294372558594,160.47540283203125,154.44183349609375,159.52809143066406,15
quantumclifford,fastcolumn,64,32,comm,1.4072805643081665,1.3891657590866089,1.4611382484436035,1.4028599262237549,1.4083832502365112,15
quantumclifford,fastcolumn,64,32,h,50.22208023071289,49.63207244873047,50.925411224365234,50.12400817871094,50.605613708496094,15
quantumclifford,fastcolumn,64,32,mul,4.8831305503845215,4.770457744598389,5.063732624053955,4.817347049713135,4.945596218109131,15
quantumclifford,fastcolumn,64,32,s,35.52230262756348,34.28316116333008,42.85208320617676,34.856557846069336,35.60145568847656,15
quantumclifford,fastcolumn,64,33,circuit,146.17816840277777,143.96733940972223,153.16125118371212,145.65125868055554,150.62572009154042,15
quantumclifford,fastcolumn,64,33,cnot,156.44482421875,153.23831084280303,159.1537937973485,154.87701231060606,158.92135712594697,15
quantumclifford,fastcolumn,64,33,comm,1.3993773026899858,1.3829096013849431,1.4199825633655896,1.3906160990397136,1.4038181882916074,15
quantumclifford,fastcolumn,64,33,h,51.79727080374053,50.780635949337125,52.87617261482008,51.605224609375,51.812374230587125,15
quantumclifford,fastcolumn,64,33,mul,4.785595518169981,4.691981460108901,4.84023446747751,4.711632468483665,4.822027957800663,15
quantumclifford,fastcolumn,64,33,s,35.0398818507339,34.53557239879262,37.226821437026516,34.865254720052086,35.30937610973012,15
quantumclifford,fastcolumn,64,512,circuit,2422.4514973958335,2374.2472330729165,2499.69482421875,2403.7542317708335,2422.98046875,15
quantumclifford,fastcolumn,64,512,cnot,2779.72412109375,2719.746826171875,2817.2607421875,2742.67578125,2790.374755859375,15
quantumclifford,fastcolumn,64,512,comm,6.626168727874756,5.612393379211426,7.633169174194336,5.687633991241455,6.645361423492432,15
quantumclifford,fastcolumn,64,512,h,2205.083251953125,2172.612548828125,2672.526123046875,2184.626220703125,2367.584228515625,15
quantumclifford,fastcolumn,64,512,mul,19.456466674804688,17.32866096496582,24.44227409362793,18.903493881225586,23.19113540649414,15
quantumclifford,fastcolumn,64,512,s,2135.859130859375,2063.751220703125,2172.0479736328125,2101.348876953125,2160.1461181640625,15
quantumclifford,fastcolumn,64,63,circuit,272.54017857142856,264.9352058531746,277.5598958333333,268.3609250992063,274.6422784391534,15
quantumclifford,fastcolumn,64,63,cnot,319.1821986607143,315.43356274801585,323.06910342261904,316.326171875,321.013919890873,15
quantumclifford,fastcolumn,64,63,comm,1.4313894604879713,1.4133907499767484,1.453233143639943,1.4184971158466642,1.4425762115962921,15
quantumclifford,fastcolumn,64,63,h,107.03564453125,103.64028397817461,108.89931330605158,104.6982189360119,107.6692398313492,15
quantumclifford,fastcolumn,64,63,mul,4.7530725872705855,4.70054456922743,4.896809653630332,4.733938307989211,4.802269829644097,15
quantumclifford,fastcolumn,64,63,s,114.91563585069444,90.0723896329365,140.8307136656746,96.58990575396825,116.16830977182539,15
quantumclifford,fastcolumn,64,64,circuit,286.3922119140625,282.45713297526044,289.49228922526044,285.24102783203125,286.4634195963542,15
quantumclifford,fastcolumn,64,64,cnot,338.0152282714844,330.5867614746094,343.0074157714844,337.2840881347656,340.87371826171875,15
quantumclifford,fastcolumn,64,64,comm,1.4360498189926147,1.4109660387039185,1.5446245670318604,1.420458197593689,1.4364670515060425,15
quantumclifford,fastcolumn,64,64,h,103.6087646484375,102.27998352050781,114.55186462402344,103.38369750976562,104.40381622314453,15
quantumclifford,fastcolumn,64,64,mul,4.764248847961426,4.681964874267578,4.906356334686279,4.6938557624816895,4.865427494049072,15
quantumclifford,fastcolumn,64,64,s,107.87550354003906,95.27778625488281,141.16573333740234,104.55767822265625,119.84983825683594,15
quantumclifford,fastcolumn,64,65,circuit,281.3968950320513,276.53661858974357,284.82405849358975,279.441266025641,283.4059495192308,15
quantumclifford,fastcolumn,64,65,cnot,342.4015925480769,333.11673677884613,350.38188100961537,334.99224759615385,345.8846454326923,15
quantumclifford,fastcolumn,64,65,comm,1.7305862426757812,1.7145107562725361,1.8358279888446514,1.716736074594351,1.752618642953726,15
quantumclifford,fastcolumn,64,65,h,109.45731670673077,104.46339393028846,116.1884014423077,108.41658653846154,112.46307091346154,15
quantumclifford,fastcolumn,64,65,mul,5.980780029296875,5.937488262469952,6.113355900691106,5.979665433443509,6.0458651029146635,15
quantumclifford,fastcolumn,64,65,s,118.8739483173077,98.65972806490385,133.70267427884616,109.62007962740384,125.23318810096154,15
quantumclifford,fastcolumn,64,8,circuit,20.866288503011067,20.5380121866862,21.33480707804362,20.734045664469402,20.892937978108723,15
quantumclifford,fastcolumn,64,8,cnot,37.18280792236328,36.75985336303711,37.89790344238281,37.04778480529785,37.54281997680664,15
quantumclifford,fastcolumn,64,8,comm,1.436596155166626,1.4102261066436768,1.4458049535751343,1.417204737663269,1.4377782344818115,15
quantumclifford,fastcolumn,64,8,h,10.535717010498047,10.205864906311035,10.698835372924805,10.519424438476562,10.639945983886719,15
quantumclifford,fastcolumn,64,8,mul,4.840075969696045,4.753291606903076,4.972577095031738,4.803051471710205,4.848817825317383,15
quantumclifford,fastcolumn,64,8,s,8.941173553466797,8.755385875701904,9.29117202758789,8.932490825653076,8.999744892120361,15
quantumclifford,fastcolumn,8,1024,circuit,4603.787109375,4499.6337890625,5983.235677083333,4539.252278645833,5357.245442708333,15
quantumclifford,fastcolumn,8,1024,cnot,5357.95068359375,5312.56103515625,6750.9560546875,5329.2236328125,5616.59765625,15
quantumclifford,fastcolumn,8,1024,comm,206.26513671875,185.56594848632812,248.95477294921875,197.54345703125,224.9164581298828,15
quantumclifford,fastcolumn,8,1024,h,4268.076416015625,4084.147216796875,4504.364013671875,4160.09521484375,4425.750732421875,15
quantumclifford,fastcolumn,8,1024,mul,772.2498779296875,746.6710205078125,817.9601440429688,767.511962890625,791.412353515625,15
quantumclifford,fastcolumn,8,1024,s,4102.5390625,3881.94775390625,4413.482666015625,4005.635498046875,4211.405517578125,15
quantumclifford,fastcolumn,8,127,circuit,516.7425360892388,506.45234580052494,532.5572096456693,509.97580380577426,524.0970718503937,15
quantumclifford,fastcolumn,8,127,cnot,633.6403789370079,625.5869832677165,649.6703986220473,628.2603346456693,642.3192052165355,15
quantumclifford,fastcolumn,8,127,comm,7.086846299058809,6.966258131612943,7.388397937684547,6.992490272822343,7.182203878567913,15
quantumclifford,fastcolumn,8,127,h,329.5398622047244,309.5959338090551,366.0725270669291,319.5089505413386,338.8108083169291,15
quantumclifford,fastcolumn,8,127,mul,29.08117002952756,28.400250292199804,30.167868786909448,28.974559393454726,29.6944839597687,15
quantumclifford,fastcolumn,8,127,s,336.6987573818898,320.08824434055117,374.2669475885827,327.8904712106299,350.16941437007875,15
quantumclifford,fastcolumn,8,128,circuit,541.5055745442709,531.7840576171875,553.2718098958334,540.3035481770834,542.4092610677084,15
quantumclifford,fastcolumn,8,128,cnot,649.3809814453125,640.734375,665.3035278320312,648.808837890625,658.49560546875,15
quantumclifford,fastcolumn,8,128,comm,11.080464363098145,10.769287109375,11.43817138671875,10.811885833740234,11.24866771697998,15
quantumclifford,fastcolumn,8,128,h,337.8194274902344,330.58673095703125,373.4194641113281,337.2230529785156,351.1721496582031,15
quantumclifford,fastcolumn,8,128,mul,36.18216514587402,33.671775817871094,37.23859786987305,35.54741668701172,36.21586036682129,15
quantumclifford,fastcolumn,8,128,s,352.0151672363281,332.14825439453125,372.3666076660156,348.6289978027344,359.16644287109375,15
quantumclifford,fastcolumn,8,129,circuit,534.8299014857881,529.438186369509,549.6305717054264,533.6623869509044,539.2072028423772,15
quantumclifford,fastcolumn,8,129,cnot,642.2097262596899,637.2612645348837,652.0636506782946,641.1271802325581,648.2659278100775,15
quantumclifford,fastcolumn,8,129,comm,7.464268410852713,7.3939871381419575,7.589335123697917,7.440966229106104,7.545944332152374,15
quantumclifford,fastcolumn,8,129,h,343.07119064922483,324.1947977228682,368.18298812984494,332.40849079457365,344.9322008236434,15
quantumclifford,fastcolumn,8,129,mul,31.51842788578004,30.88591819585756,33.715930081153104,31.515431958575583,32.46849450399709,15
quantumclifford,fastcolumn,8,129,s,339.49046148255815,327.0575944767442,387.0013626453488,338.40034520348837,344.316527374031,15
quantumclifford,fastcolumn,8,2048,circuit,9220.303059895834,8950.052897135416,9300.61181640625,9031.975748697916,9224.54833984375,15
quantumclifford,fastcolumn,8,2048,cnot,10725.443359375,10514.50634765625,10906.107421875,10568.29833984375,10829.87451171875,15
quantumclifford,fastcolumn,8,2048,comm,487.3809814453125,475.0646057128906,505.01123046875,477.7870178222656,501.2410583496094,15
quantumclifford,fastcolumn,8,2048,h,8507.16162109375,8255.31005859375,9221.69970703125,8432.06787109375,8979.736328125,15
quantumclifford,fastcolumn,8,2048,mul,1967.8548583984375,1899.383544921875,2069.88525390625,1939.605712890625,2039.4287109375,15
quantumclifford,fastcolumn,8,2048,s,8111.83642578125,7924.31640625,8288.7373046875,8105.998046875,8167.1953125,15
quantumclifford,fastcolumn,8,255,circuit,1017.4428104575163,1002.2263071895425,1053.9998366013072,1010.1988562091503,1043.4946895424837,15
quantumclifford,fastcolumn,8,255,cnot,1246.8545343137255,1234.5333333333333,1284.7376225490195,1238.235294117647,1266.2428921568628,15
quantumclifford,fastcolumn,8,255,comm,13.465353094362746,13.402961282169118,13.602901922487746,13.445685891544118,13.543142999387255,15
quantumclifford,fastcolumn,8,255,h,844.8197916666667,831.8576593137254,902.9947916666666,838.477818627451,858.0857230392157,15
quantumclifford,fastcolumn,8,255,mul,72.66853553921568,70.06420802696078,74.8504825367647,70.75801547181372,73.19926470588236,15
quantumclifford,fastcolumn,8,255,s,833.2898897058824,811.8770833333333,861.6957720588235,823.4247549019608,836.4047181372549,15
quantumclifford,fastcolumn,8,256,circuit,1134.4332682291667,1108.4153645833333,1155.249755859375,1114.7054036458333,1146.4436848958333,15
quantumclifford,fastcolumn,8,256,cnot,1343.378662109375,1315.0838623046875,1393.778564453125,1318.293212890625,1369.9697265625,15
quantumclifford,fastcolumn,8,256,comm,22.336244583129883,21.671533584594727,22.947072982788086,21.78756332397461,22.58753776550293,15
quantumclifford,fastcolumn,8,256,h,953.2394409179688,923.1719970703125,969.5307006835938,930.39453125,957.0541381835938,15
quantumclifford,fastcolumn,8,256,mul,196.94200134277344,190.20018005371094,202.99212646484375,191.7285919189453,198.03746032714844,15
quantumclifford,fastcolumn,8,256,s,937.2787475585938,897.6110229492188,961.36474609375,909.8638305664062,949.7503051757812,15
quantumclifford,fastcolumn,8,257,circuit,1038.0526102464332,1016.2869649805448,1060.9969195849546,1033.0569876783397,1053.9850032425422,15
quantumclifford,fastcolumn,8,257,cnot,1265.4680204280155,1257.0019455252918,1423.5317363813228,1262.3723249027237,1369.9334873540856,15
quantumclifford,fastcolumn,8,257,comm,13.912770549610896,13.676506072166829,14.15892889713035,13.741973758207685,14.08966135700389,15
quantumclifford,fastcolumn,8,257,h,844.8038667315175,815.6716318093386,869.3736624513618,825.4170111867704,851.6790491245137,15
quantumclifford,fastcolumn,8,257,mul,75.14654517266537,71.84162588156615,79.64463004620623,73.69484511794747,75.57434794503891,15
quantumclifford,fastcolumn,8,257,s,852.228781614786,837.3864907587549,904.5020671206225,845.1230544747082,854.0374513618677,15
quantumclifford,fastcolumn,8,31,circuit,131.45878486223117,130.1068338373656,134.75206863239248,131.42772387432797,133.18965263776883,15
quantumclifford,fastcolumn,8,31,cnot,163.48298891129033,161.55350617439515,164.79755229334677,162.55827872983872,163.8052230342742,15
quantumclifford,fastcolumn,8,31,comm,2.6572853826707408,2.626654840284778,2.7328407533707155,2.6348175541047127,2.6747899209299395,15
quantumclifford,fastcolumn,8,31,h,55.86176915322581,53.515034337197584,56.79764286164315,54.892593876008064,55.94823431199597,15
quantumclifford,fastcolumn,8,31,mul,8.449779879662298,8.318255024571572,8.543712000693045,8.366143995715726,8.531468053017893,15
quantumclifford,fastcolumn,8,31,s,33.268836236769154,32.91337339339718,34.2152099609375,33.029617801789314,33.632666803175404,15
quantumclifford,fastcolumn,8,32,circuit,143.54791259765625,140.75215657552084,160.37750244140625,141.45024617513022,155.56844075520834,15
quantumclifford,fastcolumn,8,32,cnot,148.99063110351562,144.11640167236328,154.28543090820312,145.43437957763672,151.24384307861328,15
quantumclifford,fastcolumn,8,32,comm,2.6620230674743652,2.6385486125946045,2.72408127784729,2.6617844104766846,2.68756365776062,15
quantumclifford,fastcolumn,8,32,h,54.31381607055664,52.46400833129883,54.88315963745117,53.088348388671875,54.384708404541016,15
quantumclifford,fastcolumn,8,32,mul,8.472701072692871,8.210718631744385,8.587360382080078,8.396724700927734,8.520384788513184,15
quantumclifford,fastcolumn,8,32,s,33.54167938232422,32.78485870361328,34.31423377990723,33.17721748352051,33.58173370361328,15
quantumclifford,fastcolumn,8,33,circuit,139.18686868686868,138.4634923453283,202.36957465277777,138.99369673295453,193.01165956439394,15
quantumclifford,fastcolumn,8,33,cnot,153.5009617660985,144.68044211647728,226.35412227746212,145.42643229166666,179.73620975378788,15
quantumclifford,fastcolumn,8,33,comm,2.9386943470348013,2.911153619939631,2.984740517356179,2.9208732373786694,2.9519304217714253,15
quantumclifford,fastcolumn,8,33,h,56.753292199337125,55.51008744673295,58.46474387428977,56.56987970525568,58.137991240530305,15
quantumclifford,fastcolumn,8,33,mul,9.845116817589963,9.711101185191762,9.935514507871686,9.740348122336648,9.867119066642992,15
quantumclifford,fastcolumn,8,33,s,34.19386615175189,33.69148393110795,37.56081875887784,34.10208407315341,36.213730320785984,15
quantumclifford,fastcolumn,8,512,circuit,2307.3255208333335,2227.8780924479165,2378.6417643229165,2276.2112630208335,2321.9332682291665,15
quantumclifford,fastcolumn,8,512,cnot,2671.732421875,2636.586669921875,2766.357421875,2666.788818359375,2707.133056640625,15
quantumclifford,fastcolumn,8,512,comm,46.18962478637695,44.56122589111328,47.818504333496094,44.89628601074219,46.39863967895508,15
quantumclifford,fastcolumn,8,512,h,2070.1904296875,2052.0528564453125,2180.9794921875,2065.032958984375,2107.3455810546875,15
quantumclifford,fastcolumn,8,512,mul,438.4664001464844,412.5035705566406,449.1004943847656,418.7113342285156,442.48834228515625,15
quantumclifford,fastcolumn,8,512,s,2010.3250732421875,1893.61572265625,2048.4466552734375,1945.4141845703125,2026.6265869140625,15
quantumclifford,fastcolumn,8,63,circuit,263.81483548280426,257.32335069444446,294.78323412698415,263.6021205357143,283.349537037037,15
quantumclifford,fastcolumn,8,63,cnot,322.17779637896825,319.8035404265873,385.99534970238096,320.64319816468253,361.2209201388889,15
quantumclifford,fastcolumn,8,63,comm,4.008822970920139,3.9662557934957836,4.06427728562128,3.9890834263392856,4.032750689794147,15
quantumclifford,fastcolumn,8,63,h,118.24350508432539,113.92389012896825,124.30212983630952,115.11941189236111,119.76518322172619,15
quantumclifford,fastcolumn,8,63,mul,13.930386982266866,13.821314251612103,14.191601950024802,13.929497612847221,14.105619884672619,15
quantumclifford,fastcolumn,8,63,s,77.08643353174604,67.45514787946429,116.53193979414682,76.904296875,78.34007626488095,15
quantumclifford,fastcolumn,8,64,circuit,277.9498697916667,275.48895263671875,281.43310546875,277.73793538411456,279.77073160807294,15
quantumclifford,fastcolumn,8,64,cnot,334.075927734375,329.6114501953125,343.4600830078125,332.6161804199219,336.4219665527344,15
quantumclifford,fastcolumn,8,64,comm,4.263748645782471,4.204303026199341,4.332612037658691,4.210104465484619,4.29453444480896,15
quantumclifford,fastcolumn,8,64,h,119.62572479248047,115.46643829345703,160.27037048339844,115.91657257080078,123.42516326904297,15
quantumclifford,fastcolumn,8,64,mul,14.046232223510742,13.69786262512207,14.256278991699219,13.855536460876465,14.129877090454102,15
quantumclifford,fastcolumn,8,64,s,81.19646453857422,67.68926239013672,111.6476058959961,77.17450714111328,84.72125244140625,15
quantumclifford,fastcolumn,8,65,circuit,268.9520032051282,260.33403445512823,271.1947516025641,266.42962740384615,269.7541065705128,15
quantumclifford,fastcolumn,8,65,cnot,323.1770733173077,319.7728966346154,331.1448317307692,322.99678485576925,328.25895432692306,15
quantumclifford,fastcolumn,8,65,comm,4.349742713341346,4.329211895282452,4.478708824744591,4.345439030573918,4.374274151141827,15
quantumclifford,fastcolumn,8,65,h,116.93021334134616,112.11438551682693,134.94371995192307,116.89922626201923,117.92493239182693,15
quantumclifford,fastcolumn,8,65,mul,15.157416240985578,14.841323617788461,15.570458984375,14.954982346754807,15.566429725060097,15
quantumclifford,fastcolumn,8,65,s,79.73257211538461,71.61364933894231,102.83610276442307,73.23937049278847,92.52241586538462,15
quantumclifford,fastcolumn,8,8,circuit,21.031644185384113,20.61006800333659,22.196346282958984,21.00430679321289,21.07577896118164,15
quantumclifford,fastcolumn,8,8,cnot,37.076316833496094,36.62141036987305,43.64712905883789,36.976736068725586,37.29367256164551,15
quantumclifford,fastcolumn,8,8,comm,1.7961759567260742,1.7643719911575317,1.8385697603225708,1.776109218597412,1.8170326948165894,15
quantumclifford,fastcolumn,8,8,h,11.424342155456543,11.093457221984863,11.890888214111328,11.417150497436523,11.799613952636719,15
quantumclifford,fastcolumn,8,8,mul,4.802793264389038,4.683405160903931,4.8642356395721436,4.693736791610718,4.818201065063477,15
quantumclifford,fastcolumn,8,8,s,8.949836254119873,8.645216941833496,9.289523124694824,8.808394432067871,9.005367755889893,15
quantumclifford,fastrow,128,1024,circuit,7558.647786458333,7407.389322916667,8064.8330078125,7439.236328125,7655.422526041667,15
quantumclifford,fastrow,128,1024,cnot,11944.1328125,11772.908203125,12112.6298828125,11868.7744140625,11969.03515625,15
quantumclifford,fastrow,128,1024,comm,6.9640278816223145,6.9113969802856445,7.3313517570495605,6.927947521209717,7.276137828826904,15
quantumclifford,fastrow,128,1024,h,5491.1298828125,5376.89208984375,5602.7421875,5410.92919921875,5497.27392578125,15
quantumclifford,fastrow,128,1024,s,5199.462890625,5093.953125,5291.646484375,5141.15380859375,5231.58740234375,15
quantumclifford,fastrow,128,127,circuit,878.2295767716536,856.8494914698163,909.9375,865.2326935695538,883.6907808398951,15
quantumclifford,fastrow,128,127,cnot,1479.3307086614172,1438.2330216535433,1498.2212106299212,1463.546751968504,1488.2197342519685,15
quantumclifford,fastrow,128,127,comm,1.77049015075203,1.7389511949434056,1.7898939237819882,1.7487582709845595,1.7773536021315206,15
quantumclifford,fastrow,128,127,h,410.6983575295276,386.9507258858268,443.3298781988189,394.3518085629921,424.3023191437008,15
quantumclifford,fastrow,128,127,s,449.4481422244094,441.26528666338584,464.9129552165354,448.9214443897638,455.57280388779526,15
quantumclifford,fastrow,128,128,circuit,886.9290364583334,861.8333333333334,899.6378580729166,866.366943359375,889.6044108072916,15
quantumclifford,fastrow,128,128,cnot,1484.8226318359375,1449.244140625,1501.5665283203125,1469.5943603515625,1491.8975830078125,15
quantumclifford,fastrow,128,128,comm,1.768688440322876,1.526455044746399,1.8011679649353027,1.5571067333221436,1.7688870429992676,15
quantumclifford,fastrow,128,128,h,413.7395324707031,395.0526123046875,442.6002502441406,404.1836853027344,415.58203125,15
quantumclifford,fastrow,128,128,s,447.0812683105469,432.5231018066406,474.02191162109375,446.014404296875,457.3148193359375,15
quantumclifford,fastrow,128,129,circuit,894.0500645994832,876.6890342377261,899.890988372093,880.4943475452196,894.2149547803617,15
quantumclifford,fastrow,128,129,cnot,1504.8197674418604,1477.546632751938,1535.312621124031,1492.4903100775193,1510.219840116279,15
quantumclifford,fastrow,128,129,comm,2.612505772317103,2.558262078336967,2.657966554626938,2.581170133842054,2.6281293528948644,15
quantumclifford,fastrow,128,129,h,402.79923691860466,392.2765867248062,443.366945251938,401.5728258236434,418.7976925872093,15
quantumclifford,fastrow,128,129,s,454.94818919573646,436.0363977713178,481.2737403100775,452.38057170542635,459.73382994186045,15
quantumclifford,fastrow,128,2048,circuit,17866.970377604168,17731.1875,18277.099609375,17822.197916666668,18023.783365885418,15
quantumclifford,fastrow,128,2048,cnot,24852.80322265625,24276.18408203125,25196.32958984375,24536.1123046875,24926.2490234375,15
quantumclifford,fastrow,128,2048,comm,12.523612022399902,12.351393699645996,13.047019958496094,12.379368782043457,12.571612358093262,15
quantumclifford,fastrow,128,2048,h,15187.80517578125,14974.99609375,15332.78369140625,15069.9052734375,15282.083984375,15
quantumclifford,fastrow,128,2048,s,13616.12939453125,13325.66357421875,13894.4091796875,13404.11376953125,13812.80517578125,15
quantumclifford,fastrow,128,255,circuit,1771.0375816993464,1737.9901960784314,1819.7781045751633,1753.0228758169935,1774.4212418300654,15
quantumclifford,fastrow,128,255,cnot,2950.3164215686274,2914.7568627450983,2986.3664215686276,2935.140931372549,2982.863480392157,15
quantumclifford,fastrow,128,255,comm,2.6074379116881126,2.5484272077971815,2.6692308612898286,2.5637556487438724,2.653064443550858,15
quantumclifford,fastrow,128,255,h,1088.9655024509805,1080.741911764706,1107.5495710784314,1085.7639093137254,1091.4036764705882,15
quantumclifford,fastrow,128,255,s,1092.2385416666666,1080.8925857843137,1120.3967524509803,1086.7085171568629,1112.0327818627452,15
quantumclifford,fastrow,128,256,circuit,1754.57080078125,1737.4471028645833,1803.0056966145833,1747.8570963541667,1781.4195963541667,15
quantumclifford,fastrow,128,256,cnot,2951.25341796875,2940.093994140625,3246.256591796875,2950.775146484375,3074.951171875,15
quantumclifford,fastrow,128,256,comm,2.6104650497436523,2.555837392807007,2.6669998168945312,2.5757253170013428,2.642681121826172,15
quantumclifford,fastrow,128,256,h,1098.1699829101562,1076.2786865234375,1110.5779418945312,1088.8926391601562,1102.0380859375,15
quantumclifford,fastrow,128,256,s,1107.1014404296875,1085.833251953125,1158.3760375976562,1095.4945678710938,1127.4389038085938,15
quantumclifford,fastrow,128,257,circuit,1780.034046692607,1761.5920881971465,2032.2970168612192,1775.8051232166017,1927.9615758754865,15
quantumclifford,fastrow,128,257,cnot,3041.980787937743,2943.346546692607,3651.1631809338523,2949.9129377431905,3095.5029182879375,15
quantumclifford,fastrow,128,257,comm,3.302251318549368,3.2393558962335844,3.3544696258663667,3.2646486749908803,3.3127700271309584,15
quantumclifford,fastrow,128,257,h,1100.3617461089493,1067.525960603113,1153.6433000972763,1077.8311648832685,1124.219722762646,15
quantumclifford,fastrow,128,257,s,1107.6954644941634,1094.8696498054476,1138.3045355058366,1103.036843385214,1128.0196376459144,15
quantumclifford,fastrow,128,31,circuit,223.12178679435485,218.6896211357527,240.602780577957,220.9175277217742,224.57085853494624,15
quantumclifford,fastrow,128,31,cnot,374.1848853326613,368.5027091733871,405.94285534274195,372.6544228830645,383.66305443548384,15
quantumclifford,fastrow,128,31,comm,1.8102636029643397,1.7840221774193548,1.8730009755780619,1.8051004717426915,1.823148419780116,15
quantumclifford,fastrow,128,31,h,59.30599089591734,58.38045378654234,60.78675103956653,59.28548308341734,59.959000126008064,15
quantumclifford,fastrow,128,31,s,56.043401902721776,55.25601294732863,57.42374543220766,56.017148910030244,56.98271720640121,15
quantumclifford,fastrow,128,32,circuit,227.7866007486979,223.1292724609375,229.80753580729166,225.99114990234375,229.32010904947916,15
quantumclifford,fastrow,128,32,cnot,358.4759826660156,351.64898681640625,376.21051025390625,356.7682800292969,367.4646911621094,15
quantumclifford,fastrow,128,32,comm,1.8158555030822754,1.7859240770339966,1.8390268087387085,1.811981201171875,1.8249105215072632,15
quantumclifford,fastrow,128,32,h,60.889244079589844,59.905845642089844,62.165260314941406,60.41065979003906,60.94058609008789,15
quantumclifford,fastrow,128,32,s,56.46785354614258,55.660247802734375,58.0744743347168,55.85765838623047,56.85027313232422,15
quantumclifford,fastrow,128,33,circuit,237.24713936237373,233.40419823232324,248.00741792929293,235.01783459595958,240.14232165404042,15
quantumclifford,fastrow,128,33,cnot,368.291045217803,361.9779237689394,381.8852687026515,364.2430160984849,378.2527225378788,15
quantumclifford,fastrow,128,33,comm,1.8041542515610203,1.7701447226784446,1.832591201319839,1.7729865565444485,1.806976896343809,15
quantumclifford,fastrow,128,33,h,62.75523792613637,61.81905850497159,63.67169004498106,62.144423976089016,63.04253595525568,15
quantumclifford,fastrow,128,33,s,59.05475038470644,58.21212491122159,59.55181699810606,58.48709013967803,59.08974017518939,15
quantumclifford,fastrow,128,512,circuit,3613.5390625,3526.841796875,3850.2604166666665,3559.8958333333335,3718.0445963541665,15
quantumclifford,fastrow,128,512,cnot,6002.44140625,5929.3212890625,6644.36865234375,5985.83984375,6067.6474609375,15
quantumclifford,fastrow,128,512,comm,4.04439377784729,4.004448652267456,4.4284961223602295,4.017780303955078,4.2418341636657715,15
quantumclifford,fastrow,128,512,h,2391.2811279296875,2366.2464599609375,2633.056640625,2372.314453125,2418.060302734375,15
quantumclifford,fastrow,128,512,s,2327.4942626953125,2294.952392578125,2388.5955810546875,2300.0589599609375,2365.5040283203125,15
quantumclifford,fastrow,128,63,circuit,446.4337384259259,441.72317294973544,467.18270502645504,446.3476355820106,450.25558035714283,15
quantumclifford,fastrow,128,63,cnot,751.1548239087301,733.4010416666666,803.9744543650794,746.4270213293651,774.6646205357143,15
quantumclifford,fastrow,128,63,comm,1.7952591426788815,1.7509108043852306,1.8446583823552207,1.7655892750573536,1.817486354282924,15
quantumclifford,fastrow,128,63,h,122.76527622767857,120.34647042410714,126.60790240575396,121.62692212301587,125.21863374255952,15
quantumclifford,fastrow,128,63,s,127.56832062251983,117.8133525545635,173.16288442460316,118.80961681547619,145.04924665178572,15
quantumclifford,fastrow,128,64,circuit,451.3787434895833,442.599853515625,653.5865071614584,443.7323811848958,452.2501627604167,15
quantumclifford,fastrow,128,64,cnot,752.6931762695312,748.3749389648438,930.7962646484375,749.8193969726562,758.1583862304688,15
quantumclifford,fastrow,128,64,comm,1.7823129892349243,1.5484342575073242,1.8210262060165405,1.7812201976776123,1.8051514625549316,15
quantumclifford,fastrow,128,64,h,133.2486572265625,125.39322662353516,184.1421127319336,127.78154754638672,134.82093811035156,15
quantumclifford,fastrow,128,64,s,125.12397766113281,116.458251953125,158.27782440185547,119.27731323242188,140.4425277709961,15
quantumclifford,fastrow,128,65,circuit,453.7760416666667,448.4291666666667,464.01578525641025,450.8997596153846,458.1730769230769,15
quantumclifford,fastrow,128,65,cnot,760.369110576923,753.473076923077,776.1067307692308,756.0922475961538,768.7199519230769,15
quantumclifford,fastrow,128,65,comm,1.7989378709059496,1.7644784780649039,1.8168180025540865,1.7898021991436297,1.8107829167292668,15
quantumclifford,fastrow,128,65,h,127.68993389423076,126.07515775240384,143.29833984375,127.48053635817308,130.77361778846154,15
quantumclifford,fastrow,128,65,s,138.80709134615384,120.73692908653847,176.79098557692308,127.20821814903846,145.81204927884616,15
quantumclifford,fastrow,128,8,circuit,41.300987243652344,40.812174479166664,42.56990305582682,41.17170969645182,41.496594746907554,15
quantumclifford,fastrow,128,8,cnot,88.9139175415039,87.84294128417969,89.28203582763672,88.87354278564453,89.09988403320312,15
quantumclifford,fastrow,128,8,comm,1.851951003074646,1.840164303779602,1.8825829029083252,1.8488069772720337,1.8613090515136719,15
quantumclifford,fastrow,128,8,h,16.260783195495605,16.130765914916992,16.558924674987793,16.18055534362793,16.380906105041504,15
quantumclifford,fastrow,128,8,s,15.015046119689941,14.851887702941895,16.626954078674316,14.989733695983887,15.10945987701416,15
quantumclifford,fastrow,16,1024,circuit,4831.841471354167,4752.278645833333,4926.1474609375,4799.248697916667,4897.555989583333,15
quantumclifford,fastrow,16,1024,cnot,5666.0966796875,5478.1494140625,5742.1875,5637.36962890625,5694.39697265625,15
quantumclifford,fastrow,16,1024,comm,3.1633477210998535,3.1457345485687256,4.177570343017578,3.153552770614624,3.749976396560669,15
quantumclifford,fastrow,16,1024,h,4540.58837890625,4450.3173828125,5436.381103515625,4491.404296875,5355.99755859375,15
quantumclifford,fastrow,16,1024,mul,10.284344673156738,10.005831718444824,10.648648262023926,10.281999588012695,10.30278205871582,15
quantumclifford,fastrow,16,1024,s,4216.511962890625,4111.704345703125,4390.533447265625,4172.2412109375,4236.8671875,15
quantumclifford,fastrow,16,127,circuit,529.3344816272966,522.0499507874016,537.2546341863517,527.3608513779527,529.9000574146982,15
quantumclifford,fastrow,16,127,cnot,645.4950172244095,641.511811023622,653.5715428149606,643.5521038385826,650.5084891732283,15
quantumclifford,fastrow,16,127,comm,4.549852506382259,4.515440212460015,4.641355259211983,4.536385844072957,4.599553626353346,15
quantumclifford,fastrow,16,127,h,305.18602362204723,300.046905757874,325.6989726870079,301.8385519192913,316.2486158956693,15
quantumclifford,fastrow,16,127,mul,4.975026048074557,4.9077633835199315,5.047195074126476,4.944108136995571,4.9919669083722935,15
quantumclifford,fastrow,16,127,s,349.61961737204723,334.4060346948819,366.1878690944882,341.7686700295276,356.4030204232283,15
quantumclifford,fastrow,16,128,circuit,535.7004801432291,531.2398274739584,542.5126953125,532.5927734375,536.9686686197916,15
quantumclifford,fastrow,16,128,cnot,650.067626953125,643.597900390625,660.3724365234375,648.1704711914062,650.665283203125,15
quantumclifford,fastrow,16,128,comm,4.560649394989014,4.492630481719971,4.651159048080444,4.520018815994263,4.59053111076355,15
quantumclifford,fastrow,16,128,h,314.97955322265625,302.6822204589844,346.4215393066406,314.1148986816406,322.3851318359375,15
quantumclifford,fastrow,16,128,mul,5.018194675445557,4.92320442199707,5.125463008880615,4.952669143676758,5.072891712188721,15
quantumclifford,fastrow,16,128,s,349.0320739746094,339.7865295410156,363.9806213378906,347.0065002441406,351.843505859375,15
quantumclifford,fastrow,16,129,circuit,539.686611757106,538.6940810723514,649.2618297803617,539.4140826873385,543.6736111111111,15
quantumclifford,fastrow,16,129,cnot,660.6887112403101,656.1491036821706,675.3926235465116,657.6101017441861,663.9363493217054,15
quantumclifford,fastrow,16,129,comm,4.984754458878392,4.925493580426356,5.073567235192587,4.9810876180959305,5.021876608678537,15
quantumclifford,fastrow,16,129,h,326.8077761627907,310.08760295542635,354.43413880813955,325.9472807655039,329.56586119186045,15
quantumclifford,fastrow,16,129,mul,6.314162143441134,6.183476411094961,6.411451236222142,6.247606854106104,6.370761132055475,15
quantumclifford,fastrow,16,129,s,358.9334120639535,347.7369791666667,384.6419876453488,349.7670784883721,377.5940830910853,15
quantumclifford,fastrow,16,2048,circuit,14425.95068359375,14148.99365234375,14905.253092447916,14213.412760416666,14508.171875,15
quantumclifford,fastrow,16,2048,cnot,15629.47607421875,15523.05078125,15762.9599609375,15606.11962890625,15683.87841796875,15
quantumclifford,fastrow,16,2048,comm,6.011903285980225,5.909740924835205,6.678223609924316,5.951344966888428,6.085951805114746,15
quantumclifford,fastrow,16,2048,h,14658.40625,14560.0791015625,14912.5771484375,14648.9052734375,14847.900390625,15
quantumclifford,fastrow,16,2048,mul,16.384482383728027,16.28251838684082,16.9430570602417,16.373595237731934,16.469319343566895,15
quantumclifford,fastrow,16,2048,s,12771.17919921875,12632.14111328125,13140.19775390625,12732.80859375,12821.2685546875,15
quantumclifford,fastrow,16,255,circuit,1062.2583333333334,1041.7279411764705,1079.0066993464052,1047.436683006536,1070.7720588235295,15
quantumclifford,fastrow,16,255,cnot,1282.679656862745,1263.1944852941176,1314.8386029411765,1270.3226715686274,1303.3292892156862,15
quantumclifford,fastrow,16,255,comm,7.867012771905637,7.7536391314338236,7.980207375919117,7.813916015625,7.899285768995098,15
quantumclifford,fastrow,16,255,h,822.2886029411765,800.3344362745098,836.9817401960785,806.1070465686274,828.9292279411765,15
quantumclifford,fastrow,16,255,mul,5.752463905484069,5.658956131280637,6.118734681372549,5.700623755361519,5.9195326861213236,15
quantumclifford,fastrow,16,255,s,855.3538602941177,845.6852328431372,870.7286764705882,847.8170955882352,856.1070465686274,15
quantumclifford,fastrow,16,256,circuit,1058.502197265625,1039.0625,1089.4334309895833,1047.0072428385417,1075.2089029947917,15
quantumclifford,fastrow,16,256,cnot,1298.81787109375,1269.3074951171875,1347.966552734375,1276.2603759765625,1333.1146240234375,15
quantumclifford,fastrow,16,256,comm,7.915635585784912,7.724106311798096,8.665422439575195,7.743437767028809,8.303840637207031,15
quantumclifford,fastrow,16,256,h,854.0420532226562,812.3118286132812,871.381103515625,830.2943115234375,859.7666015625,15
quantumclifford,fastrow,16,256,mul,5.721807479858398,5.65733528137207,5.940298557281494,5.671640396118164,5.881985187530518,15
quantumclifford,fastrow,16,256,s,874.7431640625,848.5972290039062,929.2271728515625,865.0868530273438,907.3156127929688,15
quantumclifford,fastrow,16,257,circuit,1067.529345006485,1042.848816472114,1107.0072146562904,1049.1583171206225,1073.0349383916991,15
quantumclifford,fastrow,16,257,cnot,1296.6724221789884,1279.3044747081713,1321.3764591439688,1290.5773346303502,1306.161843385214,15
quantumclifford,fastrow,16,257,comm,8.299000068397374,8.212494015229815,8.455466660080253,8.263158419716683,8.346023262706712,15
quantumclifford,fastrow,16,257,h,859.4104450389106,816.664640077821,944.7222762645914,832.1806906614786,900.6389226653697,15
quantumclifford,fastrow,16,257,mul,6.914071999635214,6.873203618981031,7.524304816695039,6.88583053410749,6.99311656432393,15
quantumclifford,fastrow,16,257,s,881.2418531128404,864.5174489299611,957.9787208171206,873.160870622568,937.8825389105058,15
quantumclifford,fastrow,16,31,circuit,133.95269447244624,130.2197055611559,137.75875756048387,130.86112861223117,134.9471921202957,15
quantumclifford,fastrow,16,31,cnot,163.1312216481855,161.83045614919354,166.57412424395162,163.04655997983872,165.72356980846774,15
quantumclifford,fastrow,16,31,comm,2.4920740435200353,2.4727955479775705,2.5163465930569555,2.4918175974199848,2.5105425926946823,15
quantumclifford,fastrow,16,31,h,50.51577857232863,48.99203392767137,51.18848050025202,49.59073761970766,50.52234280493952,15
quantumclifford,fastrow,16,31,mul,4.740243234942036,4.680018271169355,4.8095127228767645,4.687873348113029,4.7750987391318045,15
quantumclifford,fastrow,16,31,s,32.80770972467238,32.23542244203629,33.482459283644154,32.554789881552416,32.98712158203125,15
quantumclifford,fastrow,16,32,circuit,140.75088500976562,134.89151000976562,249.72364298502603,135.4272664388021,165.07339477539062,15
quantumclifford,fastrow,16,32,cnot,151.0111541748047,147.0158920288086,252.73704528808594,149.23604583740234,199.65235900878906,15
quantumclifford,fastrow,16,32,comm,2.5070507526397705,2.45790696144104,3.02801513671875,2.461552619934082,2.5507709980010986,15
quantumclifford,fastrow,16,32,h,49.44976043701172,48.24177169799805,55.55915832519531,49.26045608520508,50.36354064941406,15
quantumclifford,fastrow,16,32,mul,4.754364490509033,4.668642997741699,4.847596168518066,4.675090312957764,4.782646894454956,15
quantumclifford,fastrow,16,32,s,33.98529815673828,33.31462478637695,49.53908920288086,33.854881286621094,44.94794273376465,15
quantumclifford,fastrow,16,33,circuit,143.78526475694446,142.3043915719697,149.88631431502526,143.40219578598484,146.98663391729798,15
quantumclifford,fastrow,16,33,cnot,157.77587890625,151.6902373342803,168.90462239583334,153.91216856060606,164.1802645596591,15
quantumclifford,fastrow,16,33,comm,2.820689345851089,2.7778990774443657,3.6495285034179688,2.7873299338600854,3.2507964625503076,15
quantumclifford,fastrow,16,33,h,52.541097005208336,51.397457238399625,64.26755223129734,52.14822295217803,59.4482421875,15
quantumclifford,fastrow,16,33,mul,5.550750732421875,5.486073811848958,6.353937322443182,5.509656039151278,5.959115693063447,15
quantumclifford,fastrow,16,33,s,35.40763531309186,34.41473573626894,43.542110558712125,34.62643155184659,38.44613739938447,15
quantumclifford,fastrow,16,512,circuit,2151.67919921875,2129.1300455729165,2200.4869791666665,2145.4060872395835,2152.2893880208335,15
quantumclifford,fastrow,16,512,cnot,2599.44677734375,2577.94189453125,2628.509521484375,2594.950439453125,2618.113037109375,15
quantumclifford,fastrow,16,512,comm,2.1799306869506836,2.144773840904236,2.311279296875,2.15323269367218,2.223481774330139,15
quantumclifford,fastrow,16,512,h,1868.4234619140625,1812.5457763671875,1905.426025390625,1843.7703857421875,1880.5338134765625,15
quantumclifford,fastrow,16,512,mul,7.062137126922607,6.942788600921631,7.370512008666992,7.060011386871338,7.1817240715026855,15
quantumclifford,fastrow,16,512,s,1829.859375,1791.5546875,1907.6944580078125,1808.4564208984375,1883.026123046875,15
quantumclifford,fastrow,16,63,circuit,268.0672536375661,264.16273974867727,275.7187293320106,266.3259961970899,270.69640790343914,15
quantumclifford,fastrow,16,63,cnot,327.67159598214283,323.8221726190476,334.290519593254,325.9135044642857,328.8147941468254,15
quantumclifford,fastrow,16,63,comm,3.1036294604104664,3.0724964444599454,4.6899484301370284,3.094304887075273,3.8500790066189237,15
quantumclifford,fastrow,16,63,h,106.29514663938492,103.74135819692461,116.5729476686508,105.91084604414682,107.23328218005952,15
quantumclifford,fastrow,16,63,mul,6.4085901653955855,6.2941695924789185,6.835998050750248,6.30906507703993,6.514211018880208,15
quantumclifford,fastrow,16,63,s,90.74733382936508,79.6495845734127,108.77949838789682,84.61669146825396,95.33207000248017,15
quantumclifford,fastrow,16,64,circuit,269.4346110026042,267.7222493489583,274.36403401692706,268.92429606119794,270.83502197265625,15
quantumclifford,fastrow,16,64,cnot,326.05743408203125,321.4988708496094,332.6848449707031,325.7090148925781,327.2743225097656,15
quantumclifford,fastrow,16,64,comm,3.08339786529541,3.0687153339385986,3.142366886138916,3.0829110145568848,3.1212170124053955,15
quantumclifford,fastrow,16,64,h,102.8925552368164,100.43653106689453,110.7168197631836,102.02630615234375,104.37679290771484,15
quantumclifford,fastrow,16,64,mul,6.350000858306885,6.266991138458252,6.421963214874268,6.2926812171936035,6.363411903381348,15
quantumclifford,fastrow,16,64,s,105.73291778564453,91.15473175048828,132.94601440429688,102.79496002197266,115.00898742675781,15
quantumclifford,fastrow,16,65,circuit,274.90150240384617,270.14805689102565,280.4670873397436,271.2581730769231,277.7660857371795,15
quantumclifford,fastrow,16,65,cnot,331.4691105769231,326.31709735576925,340.0478365384615,329.7989182692308,332.5959134615385,15
quantumclifford,fastrow,16,65,comm,3.4606541560246393,3.427427086463341,3.546387188251202,3.4400547907902643,3.5179039588341348,15
quantumclifford,fastrow,16,65,h,106.34609375,103.18040114182692,110.02134915865385,104.69187950721154,106.62466195913461,15
quantumclifford,fastrow,16,65,mul,7.425005164513221,7.247396615835337,7.598622483473558,7.294190392127404,7.431636399489182,15
quantumclifford,fastrow,16,65,s,107.28196364182692,95.82112379807693,131.68757512019232,98.20932241586539,110.41697716346154,15
quantumclifford,fastrow,16,8,circuit,20.501719156901043,20.12544123331706,20.885360717773438,20.273897806803387,20.569271087646484,15
quantumclifford,fastrow,16,8,cnot,36.91156768798828,36.59963607788086,37.7957820892334,36.81747055053711,37.175336837768555,15
quantumclifford,fastrow,16,8,comm,2.15532386302948,2.122536301612854,2.172420382499695,2.1328827142715454,2.1617462635040283,15
quantumclifford,fastrow,16,8,h,10.377010345458984,10.286569595336914,10.683655738830566,10.355949401855469,10.536590576171875,15
quantumclifford,fastrow,16,8,mul,3.8670499324798584,3.8283169269561768,3.964930772781372,3.8384199142456055,3.9201278686523438,15
quantumclifford,fastrow,16,8,s,8.930087089538574,8.41444730758667,9.492496490478516,8.838275909423828,9.010136127471924,15
quantumclifford,fastrow,32,1024,circuit,4816.324869791667,4770.154947916667,5089.572591145833,4776.570638020833,4840.779622395833,15
quantumclifford,fastrow,32,1024,cnot,5603.94287109375,5533.18310546875,5941.650390625,5561.5439453125,5794.29150390625,15
quantumclifford,fastrow,32,1024,comm,3.0731160640716553,3.048121929168701,3.154406785964966,3.0608673095703125,3.112186908721924,15
quantumclifford,fastrow,32,1024,h,4548.380615234375,4450.52099609375,4739.46142578125,4483.123779296875,4593.6279296875,15
quantumclifford,fastrow,32,1024,mul,8.857051372528076,8.800844669342041,8.975665092468262,8.815427303314209,8.881052494049072,15
quantumclifford,fastrow,32,1024,s,4279.94775390625,4181.071044921875,8033.45751953125,4203.226806640625,4699.066162109375,15
quantumclifford,fastrow,32,127,circuit,510.9754347112861,505.89013287401576,515.6318487532808,508.4259350393701,513.0020505249344,15
quantumclifford,fastrow,32,127,cnot,631.4539862204724,622.5214689960629,636.8366756889764,628.3475024606299,632.1588951771654,15
quantumclifford,fastrow,32,127,comm,3.152762345441683,3.0843880720964565,3.177662766824557,3.1025003748615894,3.1565868948388287,15
quantumclifford,fastrow,32,127,h,319.63072096456693,307.1160802165354,358.74446358267716,309.3793676181102,347.5998400590551,15
quantumclifford,fastrow,32,127,mul,3.496315062515379,3.458108256182333,3.5196540412001722,3.4849812665323574,3.5026430145023375,15
quantumclifford,fastrow,32,127,s,325.6451464074803,306.6009165846457,344.0601316437008,321.1916523129921,326.1847010334646,15
quantumclifford,fastrow,32,128,circuit,511.81201171875,508.0515543619792,521.0164388020834,510.9117431640625,513.8651529947916,15
quantumclifford,fastrow,32,128,cnot,631.4722900390625,624.9364013671875,640.7063598632812,626.6682739257812,634.0993041992188,15
quantumclifford,fastrow,32,128,comm,3.1229755878448486,3.1070806980133057,3.1716723442077637,3.1130712032318115,3.1419694423675537,15
quantumclifford,fastrow,32,128,h,307.2840270996094,297.3352966308594,337.9020690917969,302.46099853515625,323.3833312988281,15
quantumclifford,fastrow,32,128,mul,3.500143527984619,3.443509340286255,3.5395424365997314,3.4554004669189453,3.5108625888824463,15
quantumclifford,fastrow,32,128,s,319.7339172363281,310.6842041015625,335.1236877441406,314.44549560546875,323.6948547363281,15
quantumclifford,fastrow,32,129,circuit,515.2229085917313,512.8172642118863,525.6917393410853,513.8670461886305,520.9864341085271,15
quantumclifford,fastrow,32,129,cnot,635.2450944767442,630.6726623062016,642.3081395348837,633.4635416666666,638.1066497093024,15
quantumclifford,fastrow,32,129,comm,3.48834843598595,3.4559579302174175,3.5246324169543364,3.4819809078246124,3.505943357482437,15
quantumclifford,fastrow,32,129,h,330.28757873062017,304.4919149709302,348.4069464631783,313.8172238372093,333.5415152616279,15
quantumclifford,fastrow,32,129,mul,4.858189309290213,4.7393917113311534,4.993744133054748,4.841708397680475,4.897736305414244,15
quantumclifford,fastrow,32,129,s,334.16730256782944,315.75648013565893,348.2972080910853,330.7001271802326,335.38108648255815,15
quantumclifford,fastrow,32,2048,circuit,14278.035481770834,14047.43798828125,14414.516927083334,14114.976725260416,14405.429524739584,15
quantumclifford,fastrow,32,2048,cnot,15599.40576171875,15412.0888671875,16156.83984375,15540.771484375,15645.99609375,15
quantumclifford,fastrow,32,2048,comm,5.926748275756836,5.815783977508545,6.044884204864502,5.903919219970703,5.961696624755859,15
quantumclifford,fastrow,32,2048,h,14766.29638671875,14582.19384765625,15066.263671875,14614.15625,14846.5166015625,15
quantumclifford,fastrow,32,2048,mul,15.407523155212402,15.16584587097168,15.627622604370117,15.211661338806152,15.511552810668945,15
quantumclifford,fastrow,32,2048,s,12676.37109375,12583.94384765625,13114.7666015625,12674.8857421875,12736.26708984375,15
quantumclifford,fastrow,32,255,circuit,1023.706454248366,1002.9820261437909,1047.0383986928105,1002.9990196078431,1036.8668300653594,15
quantumclifford,fastrow,32,255,cnot,1247.5898284313726,1237.035294117647,1274.4587009803922,1240.8904411764706,1258.3537990196078,15
quantumclifford,fastrow,32,255,comm,4.593942679610907,4.544157140395221,4.63731569776348,4.567414407169117,4.594191846660539,15
quantumclifford,fastrow,32,255,h,828.5768995098039,797.8120098039216,858.591237745098,810.8889705882353,838.6591299019608,15
quantumclifford,fastrow,32,255,mul,4.308034859451593,4.265310250076593,4.3648214901194855,4.296735456878063,4.321558335248162,15
quantumclifford,fastrow,32,255,s,838.9757352941176,825.0357843137255,865.2216299019608,835.6132965686274,853.6228553921569,15
quantumclifford,fastrow,32,256,circuit,1033.0403645833333,1003.8655598958334,1042.0125325520833,1017.483154296875,1036.2684733072917,15
quantumclifford,fastrow,32,256,cnot,1256.53076171875,1240.1378173828125,1269.3023681640625,1243.2506103515625,1261.016845703125,15
quantumclifford,fastrow,32,256,comm,4.587322473526001,4.504591226577759,4.639655351638794,4.562556743621826,4.60435938835144,15
quantumclifford,fastrow,32,256,h,839.312255859375,822.3342895507812,868.939697265625,838.3534545898438,856.1248779296875,15
quantumclifford,fastrow,32,256,mul,4.31254506111145,4.254122495651245,4.379133462905884,4.279861927032471,4.362374544143677,15
quantumclifford,fastrow,32,256,s,852.0025024414062,831.1920166015625,880.2159423828125,849.945068359375,863.4237060546875,15
quantumclifford,fastrow,32,257,circuit,1048.4591439688716,1027.2610246433203,1063.1451848249028,1039.160424773022,1048.9421206225682,15
quantumclifford,fastrow,32,257,cnot,1266.1519941634242,1252.9891780155642,1293.9213278210116,1263.6237840466927,1287.8971303501946,15
quantumclifford,fastrow,32,257,comm,4.9459850741731515,4.907234637189932,5.10831009089251,4.9196435356882295,5.015846816482247,15
quantumclifford,fastrow,32,257,h,853.9539153696498,826.5341074902724,900.8010092412451,833.9185311284047,862.7619771400779,15
quantumclifford,fastrow,32,257,mul,5.607278430508268,5.544917125182393,5.655033571710846,5.547886236168531,5.607931530429232,15
quantumclifford,fastrow,32,257,s,862.2983949416342,846.2933487354086,979.5390321011673,860.3857611867704,872.0563594357976,15
quantumclifford,fastrow,32,31,circuit,129.80668262768816,125.94068170362904,134.1605237735215,127.62691112231182,130.86550739247312,15
quantumclifford,fastrow,32,31,cnot,161.15840788810485,157.42017389112902,162.93499558971774,159.27025579637098,162.64753969254033,15
quantumclifford,fastrow,32,31,comm,2.1966707783360637,2.162318075856855,2.234033400012601,2.178991994550151,2.2141395076628654,15
quantumclifford,fastrow,32,31,h,55.421725365423384,53.71159510458669,58.622298702116936,55.310157037550404,57.340068201864916,15
quantumclifford,fastrow,32,31,mul,3.7347631146830897,3.6945138746692288,3.778262722876764,3.7004716934696322,3.7521650252803678,15
quantumclifford,fastrow,32,31,s,32.566849247101814,32.0446048859627,35.75782431325605,32.380709740423384,33.39320225869456,15
quantumclifford,fastrow,32,32,circuit,133.00323486328125,131.6214599609375,135.02883911132812,132.72603352864584,133.68775431315103,15
quantumclifford,fastrow,32,32,cnot,144.3036346435547,140.35861206054688,147.37606048583984,141.24584197998047,145.0341567993164,15
quantumclifford,fastrow,32,32,comm,2.1962523460388184,2.166365623474121,2.259954810142517,2.1815747022628784,2.222408890724182,15
quantumclifford,fastrow,32,32,h,53.481101989746094,52.14421081542969,54.35387420654297,53.16162109375,53.81742858886719,15
quantumclifford,fastrow,32,32,mul,3.7519335746765137,3.6893882751464844,3.784348487854004,3.6971569061279297,3.752072811126709,15
quantumclifford,fastrow,32,32,s,33.19954872131348,32.675662994384766,34.825801849365234,33.13279151916504,33.79201889038086,15
quantumclifford,fastrow,32,33,circuit,139.4791074810606,137.40390230429293,144.41082702020202,138.28798729482324,141.33851207386363,15
quantumclifford,fastrow,32,33,cnot,150.90417850378788,149.29138553503788,157.4472804214015,149.87829959753788,151.7506658380682,15
quantumclifford,fastrow,32,33,comm,2.585661685828007,2.511592980587121,2.6608861287434897,2.5164961381392046,2.5978183168353457,15
quantumclifford,fastrow,32,33,h,57.762221827651516,56.426228841145836,58.61440207741477,57.60870916193182,58.12858812736742,15
quantumclifford,fastrow,32,33,mul,4.750338467684659,4.725677952621922,4.9419403076171875,4.747737537730824,4.83902070016572,15
quantumclifford,fastrow,32,33,s,34.795047644412875,34.270853678385414,36.33965509588068,34.7045731977983,34.82618297230113,15
quantumclifford,fastrow,32,512,circuit,2089.6402994791665,2042.83984375,3042.9890950520835,2083.0146484375,2915.5545247395835,15
quantumclifford,fastrow,32,512,cnot,2542.17529296875,2492.24853515625,4051.920654296875,2536.97705078125,3118.133544921875,15
quantumclifford,fastrow,32,512,comm,2.111867070198059,2.076233386993408,2.182582974433899,2.0931214094161987,2.1356394290924072,15
quantumclifford,fastrow,32,512,h,1858.66796875,1816.07568359375,2251.978515625,1834.0860595703125,2205.988525390625,15
quantumclifford,fastrow,32,512,mul,5.635340690612793,5.57186222076416,6.095290184020996,5.589345932006836,5.836764812469482,15
quantumclifford,fastrow,32,512,s,1786.0362548828125,1750.249267578125,2434.5601806640625,1781.9620361328125,2283.68115234375,15
quantumclifford,fastrow,32,63,circuit,260.58804563492066,254.73813657407408,266.1408316798942,257.37847222222223,262.95023148148147,15
quantumclifford,fastrow,32,63,cnot,319.5632750496032,314.2412574404762,327.0786830357143,318.2909226190476,320.8382316468254,15
quantumclifford,fastrow,32,63,comm,2.5182049463665677,2.49481201171875,2.6232098776196677,2.515167236328125,2.5364002046130953,15
quantumclifford,fastrow,32,63,h,116.0646468874008,114.57105654761905,120.37424820188492,115.72911241319444,117.46651785714286,15
quantumclifford,fastrow,32,63,mul,4.709112742590526,4.638591221400669,4.849156213185144,4.650055416046627,4.7975672161768355,15
quantumclifford,fastrow,32,63,s,79.29629371279762,65.9757796999008,98.70450458829364,66.95443483382937,84.5333736359127,15
quantumclifford,fastrow,32,64,circuit,261.4254557291667,258.729736328125,269.06247965494794,260.32171630859375,266.3023274739583,15
quantumclifford,fastrow,32,64,cnot,316.90087890625,312.35760498046875,320.1128845214844,315.84930419921875,318.23602294921875,15
quantumclifford,fastrow,32,64,comm,2.473294734954834,2.4602911472320557,2.518425226211548,2.4724602699279785,2.5106866359710693,15
quantumclifford,fastrow,32,64,h,113.97838592529297,111.1914291381836,120.72086334228516,113.7542724609375,114.35254669189453,15
quantumclifford,fastrow,32,64,mul,4.71090292930603,4.644940376281738,4.766484022140503,4.6505231857299805,4.750043153762817,15
quantumclifford,fastrow,32,64,s,97.0185546875,68.05006790161133,114.10013580322266,78.3766098022461,111.68511962890625,15
quantumclifford,fastrow,32,65,circuit,266.18505608974357,261.7271033653846,276.19024439102566,264.0766826923077,268.27924679487177,15
quantumclifford,fastrow,32,65,cnot,321.6609074519231,316.79561298076925,326.9230769230769,321.6108173076923,322.69254807692306,15
quantumclifford,fastrow,32,65,comm,2.8250082162710335,2.779143817608173,2.870696786733774,2.783594219501202,2.82737544133113,15
quantumclifford,fastrow,32,65,h,115.73236177884615,111.45833082932693,118.93686147836539,113.60520582932692,118.76690204326923,15
quantumclifford,fastrow,32,65,mul,5.812757286658654,5.71588369516226,5.852410419170673,5.730966421274038,5.821599872295673,15
quantumclifford,fastrow,32,65,s,74.84788161057692,71.78109975961539,105.37860576923077,72.24402794471153,87.10875150240385,15
quantumclifford,fastrow,32,8,circuit,20.226373036702473,20.050100962320965,20.728111267089844,20.166662851969402,20.52927017211914,15
quantumclifford,fastrow,32,8,cnot,36.15005874633789,35.58659553527832,37.30265426635742,35.756826400756836,36.53860092163086,15
quantumclifford,fastrow,32,8,comm,2.164388656616211,2.138187527656555,2.2183557748794556,2.1536152362823486,2.203861951828003,15
quantumclifford,fastrow,32,8,h,11.0303955078125,10.896405220031738,11.322101593017578,11.00798511505127,11.106809616088867,15
quantumclifford,fastrow,32,8,mul,3.6200783252716064,3.5676560401916504,3.6466915607452393,3.579904556274414,3.63763165473938,15
quantumclifford,fastrow,32,8,s,8.837739944458008,8.587817192077637,9.324053764343262,8.693257808685303,8.87135648727417,15
quantumclifford,fastrow,64,1024,circuit,4828.545247395833,4759.752278645833,5075.8330078125,4798.9775390625,4900.634765625,15
quantumclifford,fastrow,64,1024,cnot,5614.66455078125,5591.9189453125,5896.0771484375,5611.67431640625,5799.86572265625,15
quantumclifford,fastrow,64,1024,comm,3.032475709915161,3.0105013847351074,3.2242238521575928,3.026862859725952,3.0564167499542236,15
quantumclifford,fastrow,64,1024,h,4562.713623046875,4482.859375,5236.114501953125,4503.021240234375,4859.954833984375,15
quantumclifford,fastrow,64,1024,mul,8.801360607147217,8.648077964782715,9.043137073516846,8.697191715240479,8.93785572052002,15
quantumclifford,fastrow,64,1024,s,4229.013916015625,4139.577392578125,4432.078125,4202.8095703125,4398.173095703125,15
quantumclifford,fastrow,64,127,circuit,517.8207841207349,507.4075213254593,534.8623277559055,511.5239501312336,521.4946276246719,15
quantumclifford,fastrow,64,127,cnot,617.2182578740158,609.4659817913385,630.4466658464567,614.2962598425197,626.4020054133858,15
quantumclifford,fastrow,64,127,comm,2.1535967729223056,2.140535730076587,2.188710130105807,2.145682027020792,2.15680087832954,15
quantumclifford,fastrow,64,127,h,320.267624261811,292.9777312992126,354.75362942913387,316.72410187007875,342.82086614173227,15
quantumclifford,fastrow,64,127,mul,3.270997775821235,3.2365052230714815,3.333004208061639,3.2463775394469736,3.301255113496555,15
quantumclifford,fastrow,64,127,s,331.38404281496065,313.3714628444882,349.3799827755906,327.68414739173227,337.10245447834643,15
quantumclifford,fastrow,64,128,circuit,524.5852864583334,514.0550537109375,533.7999267578125,517.8375244140625,525.6924235026041,15
quantumclifford,fastrow,64,128,cnot,627.5634765625,613.5355529785156,642.8883972167969,618.7846069335938,632.1818237304688,15
quantumclifford,fastrow,64,128,comm,2.148240804672241,2.122109055519104,2.2056201696395874,2.1480718851089478,2.1863529682159424,15
quantumclifford,fastrow,64,128,h,329.40673828125,305.24951171875,351.9299621582031,325.9341125488281,340.4871520996094,15
quantumclifford,fastrow,64,128,mul,3.258357524871826,3.2389659881591797,3.355959892272949,3.2440125942230225,3.333220958709717,15
quantumclifford,fastrow,64,128,s,323.46343994140625,310.39300537109375,350.507080078125,322.2160339355469,329.833984375,15
quantumclifford,fastrow,64,129,circuit,518.9693959948321,509.91198320413434,532.4107719638243,512.4152131782946,527.0510335917313,15
quantumclifford,fastrow,64,129,cnot,630.5237403100775,616.3875363372093,648.0892684108527,619.2137839147287,639.7215964147287,15
quantumclifford,fastrow,64,129,comm,2.523949674857679,2.4811205013777857,2.560174276662427,2.499405262082122,2.527912228606468,15
quantumclifford,fastrow,64,129,h,324.8899890988372,316.1602168120155,356.3267017926357,324.2717417635659,346.8298207364341,15
quantumclifford,fastrow,64,129,mul,4.7135265261627906,4.6435021688771805,4.93541013732437,4.678415697674419,4.9000428665515985,15
quantumclifford,fastrow,64,129,s,348.76402010658916,314.0960816375969,358.4779251453488,329.7652313468992,353.30744307170545,15
quantumclifford,fastrow,64,2048,circuit,14251.241048177084,14076.144694010416,14578.823567708334,14109.510579427084,14485.310872395834,15
quantumclifford,fastrow,64,2048,cnot,15549.58056640625,15351.60302734375,15649.4140625,15488.66796875,15605.224609375,15
quantumclifford,fastrow,64,2048,comm,6.010194778442383,5.821268081665039,6.273428916931152,5.84481143951416,6.160378456115723,15
quantumclifford,fastrow,64,2048,h,14805.01318359375,14489.2578125,14943.8271484375,14564.24951171875,14875.69189453125,15
quantumclifford,fastrow,64,2048,mul,15.468637466430664,15.227079391479492,15.69537353515625,15.390872955322266,15.511314392089844,15
quantumclifford,fastrow,64,2048,s,12800.47607421875,12493.5302734375,13272.25732421875,12578.75537109375,12880.228515625,15
quantumclifford,fastrow,64,255,circuit,1031.484885620915,1008.0371732026143,1051.4705882352941,1025.5343954248367,1043.549183006536,15
quantumclifford,fastrow,64,255,cnot,1225.117463235294,1202.3335171568629,1241.8708946078432,1221.469056372549,1228.6764705882354,15
quantumclifford,fastrow,64,255,comm,2.881308162913603,2.837656058517157,2.9611127068014707,2.8662188361672793,2.9375562480851714,15
quantumclifford,fastrow,64,255,h,829.5802696078431,814.2922794117648,858.338419117647,825.3880514705883,846.0911764705883,15
quantumclifford,fastrow,64,255,mul,4.0071674421721815,3.962079216452206,4.114816703048407,3.9786843692555145,4.067763863357843,15
quantumclifford,fastrow,64,255,s,847.0485906862746,823.5140931372549,860.2966911764706,840.1092524509804,857.9427083333334,15
quantumclifford,fastrow,64,256,circuit,1046.7461751302083,1025.7975260416667,1718.63134765625,1041.4598795572917,1373.6673990885417,15
quantumclifford,fastrow,64,256,cnot,1240.41748046875,1215.1234130859375,1457.707763671875,1227.20849609375,1323.8118896484375,15
quantumclifford,fastrow,64,256,comm,2.890805244445801,2.863943576812744,2.942552089691162,2.878636121749878,2.902308940887451,15
quantumclifford,fastrow,64,256,h,851.3463134765625,830.9530029296875,863.9552001953125,838.3992309570312,858.8180541992188,15
quantumclifford,fastrow,64,256,mul,4.04009222984314,4.002193450927734,4.06995415687561,4.018147706985474,4.054397344589233,15
quantumclifford,fastrow,64,256,s,856.4351196289062,843.1142578125,894.1904296875,854.3497314453125,864.6290893554688,15
quantumclifford,fastrow,64,257,circuit,1045.6894455252918,1005.856841763943,1075.6424286640727,1036.5326686121919,1061.9866245136186,15
quantumclifford,fastrow,64,257,cnot,1244.8523832684825,1209.0983706225682,1263.8669747081713,1221.8303745136186,1255.0562986381324,15
quantumclifford,fastrow,64,257,comm,3.287081588566999,3.258463937484801,3.363978998206469,3.2749398673090955,3.343812222610652,15
quantumclifford,fastrow,64,257,h,838.0451726653697,824.1401994163424,858.1869528210117,836.119892996109,841.2724951361868,15
quantumclifford,fastrow,64,257,mul,5.405509978416829,5.387836857064689,5.552239918987111,5.396485324963521,5.54184969297179,15
quantumclifford,fastrow,64,257,s,851.6258511673152,841.2066512645914,871.7523711089494,851.2002675097276,860.4541585603113,15
quantumclifford,fastrow,64,31,circuit,135.16683467741936,129.61286122311827,214.00851604502688,130.15714255712365,161.83023563508064,15
quantumclifford,fastrow,64,31,cnot,163.26249054939515,156.50660754788308,229.97653099798387,156.99685767389113,222.24344758064515,15
quantumclifford,fastrow,64,31,comm,1.8903772907872354,1.8124632066295994,2.006320584204889,1.8241687897712953,1.8907977688697077,15
quantumclifford,fastrow,64,31,h,52.421650548135084,50.27738312752016,54.109800277217744,51.19979759954637,53.53783785912298,15
quantumclifford,fastrow,64,31,mul,3.9008560180664062,3.8358626827116935,4.0728557955834175,3.8978719403666835,3.9535030241935485,15
quantumclifford,fastrow,64,31,s,33.7920650359123,32.120162471648186,57.813421433971776,32.44683050340222,43.650146484375,15
quantumclifford,fastrow,64,32,circuit,133.88104248046875,131.13191731770834,138.75409952799478,132.56878662109375,134.8821818033854,15
quantumclifford,fastrow,64,32,cnot,137.84058380126953,134.93824005126953,142.16454315185547,136.34395599365234,138.18772888183594,15
quantumclifford,fastrow,64,32,comm,1.830930471420288,1.8217414617538452,1.8469443321228027,1.828332781791687,1.8320977687835693,15
quantumclifford,fastrow,64,32,h,50.05311965942383,48.80030822753906,50.67873001098633,49.3626594543457,50.62452697753906,15
quantumclifford,fastrow,64,32,mul,3.883113384246826,3.7953853607177734,3.975520372390747,3.8199822902679443,3.9658050537109375,15
quantumclifford,fastrow,64,32,s,32.77357482910156,32.40712356567383,33.13215637207031,32.49001502990723,33.05236625671387,15
quantumclifford,fastrow,64,33,circuit,139.3377130681818,137.14127604166666,141.13712318497474,139.17701428345958,139.69282670454547,15
quantumclifford,fastrow,64,33,cnot,145.00750917376894,142.58922230113637,149.0527861624053,144.2134306936553,145.4726710464015,15
quantumclifford,fastrow,64,33,comm,1.8328656283291904,1.7998627171371921,1.8607726819587476,1.8129156864050664,1.8356496637517756,15
quantumclifford,fastrow,64,33,h,53.77089251893939,52.27383700284091,55.33946644176137,52.80943714488637,53.786306670217805,15
quantumclifford,fastrow,64,33,mul,3.881820447517164,3.8210453842625474,4.028763510964134,3.837412053888494,3.9836324055989585,15
quantumclifford,fastrow,64,33,s,34.6527099609375,34.01469282670455,34.97853966915246,34.08590050899621,34.76876923532197,15
quantumclifford,fastrow,64,512,circuit,2097.8597005208335,2048.6246744791665,2127.5499674479165,2064.5006510416665,2123.36572265625,15
quantumclifford,fastrow,64,512,cnot,2523.956298828125,2458.831787109375,2663.19775390625,2498.321533203125,2625.35595703125,15
quantumclifford,fastrow,64,512,comm,1.882806420326233,1.8558353185653687,1.9833048582077026,1.8759766817092896,1.9725561141967773,15
quantumclifford,fastrow,64,512,h,1886.41357421875,1846.0897216796875,2108.7188720703125,1854.487060546875,1890.4825439453125,15
quantumclifford,fastrow,64,512,mul,5.379994869232178,5.3320722579956055,5.5291056632995605,5.365908145904541,5.409280300140381,15
quantumclifford,fastrow,64,512,s,1818.2373046875,1771.1435546875,1934.6822509765625,1779.02734375,1898.6766357421875,15
quantumclifford,fastrow,64,63,circuit,257.70744460978835,255.54247271825398,264.44607721560845,256.3898396164021,261.6334945436508,15
quantumclifford,fastrow,64,63,cnot,315.1183655753968,310.60370163690476,320.689701140873,313.8304811507937,318.0493551587302,15
quantumclifford,fastrow,64,63,comm,1.8024847848074776,1.7916715107266865,1.8428721352229043,1.792085193452381,1.8296065557570684,15
quantumclifford,fastrow,64,63,h,112.43288845486111,107.10507347470238,122.06449962797619,108.4339580233135,113.00933159722223,15
quantumclifford,fastrow,64,63,mul,3.845921349903894,3.7374345083085316,3.940673101515997,3.7598179408482144,3.858889382983011,15
quantumclifford,fastrow,64,63,s,84.29051959325396,66.43209015376983,98.29437158978175,77.2291744171627,90.82548208085318,15
quantumclifford,fastrow,64,64,circuit,262.34352620442706,258.3770751953125,270.34759521484375,260.91172281901044,266.85333251953125,15
quantumclifford,fastrow,64,64,cnot,312.0104675292969,309.84368896484375,320.3150329589844,311.749755859375,315.1067199707031,15
quantumclifford,fastrow,64,64,comm,1.8174946308135986,1.7679333686828613,1.836135983467102,1.8017390966415405,1.8343627452850342,15
quantumclifford,fastrow,64,64,h,108.6114273071289,106.91197204589844,116.47447204589844,108.20388793945312,109.602294921875,15
quantumclifford,fastrow,64,64,mul,3.7979283332824707,3.758500099182129,3.9366087913513184,3.7925939559936523,3.9154787063598633,15
quantumclifford,fastrow,64,64,s,79.92362976074219,69.17476654052734,98.36927795410156,70.5423355102539,84.17161560058594,15
quantumclifford,fastrow,64,65,circuit,267.00220352564105,264.35214342948717,270.0896434294872,266.67584134615385,268.5054487179487,15
quantumclifford,fastrow,64,65,cnot,319.2520432692308,313.41899038461537,323.56896033653845,318.0438701923077,319.63392427884617,15
quantumclifford,fastrow,64,65,comm,2.1855818528395434,2.155484947791466,2.271578862116887,2.1810384897085338,2.188863548865685,15
quantumclifford,fastrow,64,65,h,110.64672475961538,105.2524639423077,115.69730318509616,109.92493990384615,112.547265625,15
quantumclifford,fastrow,64,65,mul,3.314404531625601,3.2713083120492787,3.412080500676082,3.2981677715594953,3.332568359375,15
quantumclifford,fastrow,64,65,s,78.25521334134615,71.38703425480769,86.40074368990385,75.96685697115385,78.80421424278846,15
quantumclifford,fastrow,64,8,circuit,20.18981424967448,19.85057195027669,20.535733540852863,20.127614339192707,20.256996154785156,15
quantumclifford,fastrow,64,8,cnot,35.719871520996094,35.41684150695801,36.43075752258301,35.5771369934082,35.96639633178711,15
quantumclifford,fastrow,64,8,comm,1.8334288597106934,1.8144001960754395,1.9361227750778198,1.819332480430603,1.853644847869873,15
quantumclifford,fastrow,64,8,h,11.020858764648438,10.74683666229248,11.276801109313965,10.86115837097168,11.071523666381836,15
quantumclifford,fastrow,64,8,mul,3.8545329570770264,3.679245710372925,3.9316318035125732,3.692507743835449,3.885120153427124,15
quantumclifford,fastrow,64,8,s,9.000599384307861,8.728544235229492,9.586930274963379,8.822321891784668,9.321610450744629,15
quantumclifford,fastrow,8,1024,circuit,4778.4287109375,4738.972981770833,6475.531575520833,4744.5341796875,6222.330729166667,15
quantumclifford,fastrow,8,1024,cnot,5662.67919921875,5583.8623046875,6924.86572265625,5630.1064453125,6712.70751953125,15
quantumclifford,fastrow,8,1024,comm,3.1873583793640137,3.162940263748169,3.2238166332244873,3.1781792640686035,3.2080016136169434,15
quantumclifford,fastrow,8,1024,h,4621.317626953125,4422.892333984375,5304.03662109375,4579.40673828125,4835.1845703125,15
quantumclifford,fastrow,8,1024,mul,20.477453231811523,20.169734954833984,22.372323989868164,20.33265495300293,21.032970428466797,15
quantumclifford,fastrow,8,1024,s,4272.705078125,4159.963134765625,5869.46630859375,4221.66943359375,5226.96923828125,15
quantumclifford,fastrow,8,127,circuit,519.8131971784777,513.3933316929134,529.5993274278215,518.3197178477691,521.5834563648294,15
quantumclifford,fastrow,8,127,cnot,648.1555733267717,634.5451525590552,667.3663877952756,636.9801919291339,652.2412032480315,15
quantumclifford,fastrow,8,127,comm,2.3218890813391977,2.3013837919460505,2.3532677597886935,2.3200868621585875,2.3280767005259597,15
quantumclifford,fastrow,8,127,h,352.0071973425197,324.9236281988189,365.87644562007875,334.8097317913386,358.99950787401576,15
quantumclifford,fastrow,8,127,mul,15.879233052411417,15.429679810531496,16.003746693528544,15.729808416892224,15.882076233390748,15
quantumclifford,fastrow,8,127,s,352.78641732283467,317.63016732283467,375.2140440452756,336.1412709153543,354.1564037893701,15
quantumclifford,fastrow,8,128,circuit,524.781982421875,509.0959065755208,534.5577799479166,522.4694010416666,529.417236328125,15
quantumclifford,fastrow,8,128,cnot,649.7064819335938,633.85009765625,666.43017578125,638.9999389648438,657.3562622070312,15
quantumclifford,fastrow,8,128,comm,2.31375789642334,2.3048073053359985,2.370079278945923,2.311885356903076,2.348611831665039,15
quantumclifford,fastrow,8,128,h,353.350341796875,326.0498046875,363.92974853515625,335.3017272949219,353.59063720703125,15
quantumclifford,fastrow,8,128,mul,15.939077377319336,15.570202827453613,16.187271118164062,15.788118362426758,16.132155418395996,15
quantumclifford,fastrow,8,128,s,338.1067810058594,328.60693359375,390.6885681152344,336.8924560546875,357.7486572265625,15
quantumclifford,fastrow,8,129,circuit,531.8505733204134,515.0614502583979,543.2143895348837,527.4244993540052,540.5883397932816,15
quantumclifford,fastrow,8,129,cnot,650.6277858527131,644.0972020348837,684.7444282945736,647.6375968992248,665.0340358527131,15
quantumclifford,fastrow,8,129,comm,2.829036742217781,2.768257791681807,2.874812872834908,2.7963703953942587,2.851717926735102,15
quantumclifford,fastrow,8,129,h,344.6458333333333,330.562621124031,373.6928597383721,337.4982437015504,356.0756419573643,15
quantumclifford,fastrow,8,129,mul,17.783073484435562,17.235019417696222,18.26252308926841,17.665104355922963,18.1067017547844,15
quantumclifford,fastrow,8,129,s,350.093871124031,331.8735465116279,451.6033793604651,347.62345566860466,361.8756964631783,15
quantumclifford,fastrow,8,2048,circuit,14346.835611979166,14241.14990234375,17246.507486979168,14318.630696614584,14994.357584635416,15
quantumclifford,fastrow,8,2048,cnot,15484.130859375,15289.85595703125,15664.55078125,15381.79541015625,15603.9833984375,15
quantumclifford,fastrow,8,2048,comm,6.054142951965332,5.793571472167969,6.723384380340576,5.806585311889648,6.401121616363525,15
quantumclifford,fastrow,8,2048,h,14943.990234375,14535.38037109375,15374.8779296875,14568.05419921875,15002.40087890625,15
quantumclifford,fastrow,8,2048,mul,26.540279388427734,25.727510452270508,26.778697967529297,25.896072387695312,26.665687561035156,15
quantumclifford,fastrow,8,2048,s,12706.48193359375,12464.35546875,12819.478515625,12518.27001953125,12781.83984375,15
quantumclifford,fastrow,8,255,circuit,1044.519362745098,1031.0798202614378,1063.3509803921568,1041.7040849673203,1047.6545751633987,15
quantumclifford,fastrow,8,255,cnot,1278.0126225490196,1257.7563725490197,1309.3851715686274,1269.1840686274509,1281.5001225490196,15
quantumclifford,fastrow,8,255,comm,2.796776625689338,2.7588388480392156,2.861920525045956,2.7648724724264704,2.85257568359375,15
quantumclifford,fastrow,8,255,h,853.0892769607843,846.5916053921569,893.3925245098039,849.0196078431372,886.5119485294117,15
quantumclifford,fastrow,8,255,mul,16.792486213235293,16.363803998161764,17.296764897365197,16.44426700367647,16.93290824142157,15
quantumclifford,fastrow,8,255,s,852.3769607843137,838.4242034313726,881.4644607843137,841.3092524509804,871.0222426470589,15
quantumclifford,fastrow,8,256,circuit,1048.1533203125,1025.2176920572917,1070.25146484375,1045.9119466145833,1051.4560546875,15
quantumclifford,fastrow,8,256,cnot,1288.447021484375,1259.1552734375,1305.8878173828125,1259.490966796875,1297.088623046875,15
quantumclifford,fastrow,8,256,comm,2.831757068634033,2.74735689163208,2.8965373039245605,2.8271477222442627,2.8553009033203125,15
quantumclifford,fastrow,8,256,h,878.552734375,844.5205688476562,911.6618041992188,857.2489624023438,890.8640747070312,15
quantumclifford,fastrow,8,256,mul,16.78645610809326,16.34955406188965,17.024874687194824,16.478856086730957,16.81856346130371,15
quantumclifford,fastrow,8,256,s,884.96142578125,832.3643798828125,895.5891723632812,844.3603515625,886.8255615234375,15
quantumclifford,fastrow,8,257,circuit,1050.732328145266,1020.921125162127,1059.9126945525293,1024.5757944228276,1051.9076686121919,15
quantumclifford,fastrow,8,257,cnot,1293.3741488326848,1264.4191391050583,1305.0471789883268,1271.9682636186772,1293.5159289883268,15
quantumclifford,fastrow,8,257,comm,3.329543058046571,3.2714468514409045,3.387837094555569,3.283034268984071,3.366472652450146,15
quantumclifford,fastrow,8,257,h,871.9474100194552,844.0590953307393,925.0010335603113,863.395245622568,877.117765077821,15
quantumclifford,fastrow,8,257,mul,18.3996848021036,18.037748700449903,18.62201616457928,18.28466036904183,18.532007120926558,15
quantumclifford,fastrow,8,257,s,872.1323565175097,856.7506079766537,894.2044625486382,866.356578307393,880.7504255836576,15
quantumclifford,fastrow,8,31,circuit,133.50247815860214,131.47322328629033,137.16678217405914,133.3384051579301,135.11915112567203,15
quantumclifford,fastrow,8,31,cnot,167.47062436995967,164.68269594254033,177.72979145665323,166.92064642137098,170.31631174395162,15
quantumclifford,fastrow,8,31,comm,3.291899158108619,3.2212349676316783,5.1372793874432965,3.2460304998582408,4.740181953676285,15
quantumclifford,fastrow,8,31,h,52.305486863659276,51.45247527091734,65.99360509072581,52.125826927923384,61.734930223034276,15
quantumclifford,fastrow,8,31,mul,6.8344199888167845,6.6183358469317035,9.609673284715221,6.6291646649760585,7.960699266003024,15
quantumclifford,fastrow,8,31,s,33.35194052419355,32.2926025390625,38.678242345010084,32.7688244235131,34.81727255544355,15
quantumclifford,fastrow,8,32,circuit,135.96005249023438,133.76448567708334,137.79788208007812,135.46964518229166,137.48550415039062,15
quantumclifford,fastrow,8,32,cnot,154.06353759765625,151.54330444335938,164.2220916748047,153.20205688476562,161.7724151611328,15
quantumclifford,fastrow,8,32,comm,3.2677254676818848,3.2481253147125244,3.3115248680114746,3.2605528831481934,3.272503614425659,15
quantumclifford,fastrow,8,32,h,52.34575271606445,50.53997039794922,53.36284637451172,51.28654098510742,52.94593048095703,15
quantumclifford,fastrow,8,32,mul,6.730218410491943,6.542344570159912,6.824950218200684,6.559689998626709,6.778955459594727,15
quantumclifford,fastrow,8,32,s,33.396562576293945,32.702287673950195,34.25876235961914,33.19740295410156,34.08590888977051,15
quantumclifford,fastrow,8,33,circuit,139.9390289614899,136.86424794823233,143.01955097853536,138.1359197443182,140.31468986742425,15
quantumclifford,fastrow,8,33,cnot,158.89855587121212,154.9701112689394,168.61794211647728,158.33259351325756,167.26839192708334,15
quantumclifford,fastrow,8,33,comm,3.7492021502870503,3.713578888864228,4.938289295543324,3.7273252082593515,3.9475277987393467,15
quantumclifford,fastrow,8,33,h,55.7069091796875,54.527358546401516,58.76560280539773,55.58622602982955,56.58637029474432,15
quantumclifford,fastrow,8,33,mul,7.701893199573863,7.559496792879972,8.646377101089016,7.677502256451231,7.965261285955256,15
quantumclifford,fastrow,8,33,s,34.78834302497633,33.67244836055871,35.71743496981534,34.28842625473485,34.905635949337125,15
quantumclifford,fastrow,8,512,circuit,2112.1759440104165,2066.0535481770835,2192.9728190104165,2074.2459309895835,2187.2151692708335,15
quantumclifford,fastrow,8,512,cnot,2618.438720703125,2558.55322265625,2703.2978515625,2585.9375,2627.7568359375,15
quantumclifford,fastrow,8,512,comm,2.3341575860977173,2.2737185955047607,2.5285531282424927,2.285098075866699,2.337162733078003,15
quantumclifford,fastrow,8,512,h,1941.5029296875,1876.3682861328125,2375.2899169921875,1900.1668701171875,2293.2535400390625,15
quantumclifford,fastrow,8,512,mul,18.102407455444336,17.699798583984375,21.657228469848633,17.789880752563477,20.54425048828125,15
quantumclifford,fastrow,8,512,s,1845.4488525390625,1769.8568115234375,1929.16357421875,1804.7281494140625,1874.445556640625,15
quantumclifford,fastrow,8,63,circuit,262.4791666666667,258.2172619047619,271.0985656415344,258.758060515873,263.88630539021165,15
quantumclifford,fastrow,8,63,cnot,325.46788194444446,323.0484250992063,330.45789930555554,324.9679749503968,327.20917038690476,15
quantumclifford,fastrow,8,63,comm,2.1092450580899675,2.075881594703311,2.1540323893229165,2.08554440452939,2.124362521701389,15
quantumclifford,fastrow,8,63,h,112.72935267857143,108.07001023065476,123.02684771825396,111.29937841021825,113.89935205853175,15
quantumclifford,fastrow,8,63,mul,10.049850221664187,9.770347958519345,10.217978825644842,9.87824939546131,10.150969974578373,15
quantumclifford,fastrow,8,63,s,81.12864273313492,66.89210921999008,103.98549882192461,68.58107018849206,84.87180679563492,15
quantumclifford,fastrow,8,64,circuit,267.67222086588544,263.97959391276044,329.1541341145833,265.9649251302083,287.0423990885417,15
quantumclifford,fastrow,8,64,cnot,331.0050964355469,324.15771484375,339.4012451171875,326.44781494140625,337.48370361328125,15
quantumclifford,fastrow,8,64,comm,2.1109730005264282,1.8917173147201538,2.1369705200195312,2.1048684120178223,2.122407078742981,15
quantumclifford,fastrow,8,64,h,108.73921966552734,107.23845672607422,127.98341369628906,107.37069702148438,116.64962768554688,15
quantumclifford,fastrow,8,64,mul,10.121345520019531,9.831905364990234,10.274211883544922,9.87398624420166,10.172247886657715,15
quantumclifford,fastrow,8,64,s,83.23224639892578,67.79066467285156,106.89481353759766,69.31956481933594,97.9808120727539,15
quantumclifford,fastrow,8,65,circuit,268.0939503205128,262.57928685897434,270.91596554487177,263.4014423076923,269.92854567307694,15
quantumclifford,fastrow,8,65,cnot,330.8919170673077,326.16935096153844,335.2138521634615,330.66280048076925,331.7545673076923,15
quantumclifford,fastrow,8,65,comm,2.5895730825570915,2.5576862041766826,2.6737018291766828,2.5824422983022837,2.593201857346755,15
quantumclifford,fastrow,8,65,h,116.85697115384616,112.36603816105769,123.3974384014423,114.48379657451923,120.30529597355769,15
quantumclifford,fastrow,8,65,mul,11.052606670673077,10.81402118389423,11.686784480168269,10.886598557692308,11.126044170673078,15
quantumclifford,fastrow,8,65,s,81.70259915865384,71.27998046875,128.46836688701924,81.63561448317307,109.88737980769231,15
quantumclifford,fastrow,8,8,circuit,20.42510732014974,20.18298085530599,22.212505340576172,20.246400197347004,20.77065658569336,15
quantumclifford,fastrow,8,8,cnot,37.034114837646484,36.372344970703125,47.31973075866699,36.946693420410156,38.06599044799805,15
quantumclifford,fastrow,8,8,comm,1.8572757244110107,1.8315166234970093,1.8970122337341309,1.8436411619186401,1.878803014755249,15
quantumclifford,fastrow,8,8,h,11.165658950805664,10.715246200561523,11.73682975769043,10.80803108215332,11.519034385681152,15
quantumclifford,fastrow,8,8,mul,3.7349064350128174,3.7092764377593994,3.853182077407837,3.733336925506592,3.794262647628784,15
quantumclifford,fastrow,8,8,s,9.10892105102539,8.659303188323975,9.263594627380371,8.717576503753662,9.124994277954102,15
