{"mean":{"confidence_interval":{"confidence_level":0.95,"lower_bound":-0.013874080572608648,"upper_bound":-0.0012000619950731234},"point_estimate":-0.007053453473730431,"standard_error":0.003238089161905874},"median":{"confidence_interval":{"confidence_level":0.95,"lower_bound":-0.011445352312130562,"upper_bound":-0.00392229059867466},"point_estimate":-0.007351631457272023,"standard_error":0.0020735366729638573}}