{"mean":{"confidence_interval":{"confidence_level":0.95,"lower_bound":0.07072708314580085,"upper_bound":0.08162709948444428},"point_estimate":0.07607742373934001,"standard_error":0.0028037225724367796},"median":{"confidence_interval":{"confidence_level":0.95,"lower_bound":0.07115194380403511,"upper_bound":0.07925804655107378},"point_estimate":0.0745657623880096,"standard_error":0.0020959890120781813}}