{"mean":{"confidence_interval":{"confidence_level":0.95,"lower_bound":0.025631073793041644,"upper_bound":0.05632571923234627},"point_estimate":0.037485335611382675,"standard_error":0.007610184448161233},"median":{"confidence_interval":{"confidence_level":0.95,"lower_bound":0.019513360185967832,"upper_bound":0.02629097579583073},"point_estimate":0.02230102298229064,"standard_error":0.0017563910938098296}}