{"mean":{"confidence_interval":{"confidence_level":0.95,"lower_bound":164161.45809494166,"upper_bound":165961.75960087863},"point_estimate":164929.03482948168,"standard_error":465.41039993570865},"median":{"confidence_interval":{"confidence_level":0.95,"lower_bound":164323.4237012987,"upper_bound":165037.01700680272},"point_estimate":164754.29451530613,"standard_error":164.82922966426307},"median_abs_dev":{"confidence_interval":{"confidence_level":0.95,"lower_bound":1462.3596264188486,"upper_bound":2377.3597689689163},"point_estimate":1936.880267220634,"standard_error":231.7632009989003},"slope":{"confidence_interval":{"confidence_level":0.95,"lower_bound":164332.2540091338,"upper_bound":165220.79313621967},"point_estimate":164755.81675737296,"standard_error":227.37672841891566},"std_dev":{"confidence_interval":{"confidence_level":0.95,"lower_bound":2136.5746878524324,"upper_bound":7309.226320847509},"point_estimate":4679.220394851001,"standard_error":1631.4867478910178}}