{"mean":{"confidence_interval":{"confidence_level":0.95,"lower_bound":-0.17058942145668882,"upper_bound":-0.16136774366571632},"point_estimate":-0.1658566462615304,"standard_error":0.0023570437829914005},"median":{"confidence_interval":{"confidence_level":0.95,"lower_bound":-0.1709416647472577,"upper_bound":-0.1615543797568701},"point_estimate":-0.16619996158040273,"standard_error":0.002404351053695904}}