{"mean":{"confidence_interval":{"confidence_level":0.95,"lower_bound":-0.016192209257774925,"upper_bound":0.0006260517375075315},"point_estimate":-0.007455530671215738,"standard_error":0.004297368080734804},"median":{"confidence_interval":{"confidence_level":0.95,"lower_bound":-0.0037191604191402217,"upper_bound":0.004040740905471241},"point_estimate":0.0002701126400543874,"standard_error":0.0020590566121699277}}