{"mean":{"confidence_interval":{"confidence_level":0.95,"lower_bound":0.00891058598600349,"upper_bound":0.01621707771823927},"point_estimate":0.012523343664078812,"standard_error":0.001880558518630017},"median":{"confidence_interval":{"confidence_level":0.95,"lower_bound":0.008089962748896515,"upper_bound":0.01440334774878349},"point_estimate":0.01101709547036478,"standard_error":0.001610473276669355}}