{"mean":{"confidence_interval":{"confidence_level":0.95,"lower_bound":3096600.187808823,"upper_bound":3126886.90545588},"point_estimate":3111040.8588235285,"standard_error":7730.824378030987},"median":{"confidence_interval":{"confidence_level":0.95,"lower_bound":3089076.0,"upper_bound":3118931.3529411764},"point_estimate":3108751.2352941176,"standard_error":7650.084575121854},"median_abs_dev":{"confidence_interval":{"confidence_level":0.95,"lower_bound":43562.27569720312,"upper_bound":73052.62816776254},"point_estimate":58039.47198724025,"standard_error":7410.106321136265},"slope":null,"std_dev":{"confidence_interval":{"confidence_level":0.95,"lower_bound":53293.2024369341,"upper_bound":100385.33246458076},"point_estimate":77847.70301045128,"standard_error":12160.485019609005}}