{"mean":{"confidence_interval":{"confidence_level":0.95,"lower_bound":0.2515367718360613,"upper_bound":0.26783793445305604},"point_estimate":0.2598164044734652,"standard_error":0.004130605984393442},"median":{"confidence_interval":{"confidence_level":0.95,"lower_bound":0.25827991681162854,"upper_bound":0.2725114152759886},"point_estimate":0.26524237984324195,"standard_error":0.003309413424618572}}