{"mean":{"confidence_interval":{"confidence_level":0.95,"lower_bound":0.01747376744776913,"upper_bound":0.06920282898137727},"point_estimate":0.04081185441338531,"standard_error":0.013236114665953208},"median":{"confidence_interval":{"confidence_level":0.95,"lower_bound":0.03523977931719216,"upper_bound":0.05371963870186214},"point_estimate":0.044966184943321386,"standard_error":0.004949582958806767}}