{"mean":{"confidence_interval":{"confidence_level":0.95,"lower_bound":1058.9714305234193,"upper_bound":1070.344821160096},"point_estimate":1064.800662638629,"standard_error":2.9023195124785297},"median":{"confidence_interval":{"confidence_level":0.95,"lower_bound":1062.2599153373017,"upper_bound":1071.2748817808708},"point_estimate":1064.8137309006925,"standard_error":2.2659064862877716},"median_abs_dev":{"confidence_interval":{"confidence_level":0.95,"lower_bound":14.52941029478146,"upper_bound":25.346892745042027},"point_estimate":19.827438007200236,"standard_error":2.7027175644627497},"slope":{"confidence_interval":{"confidence_level":0.95,"lower_bound":1067.3376442656806,"upper_bound":1075.823218345639},"point_estimate":1071.4233322279142,"standard_error":2.1655246465350806},"std_dev":{"confidence_interval":{"confidence_level":0.95,"lower_bound":22.472966020946938,"upper_bound":34.96935527596383},"point_estimate":29.096618555888956,"standard_error":3.1855357943054767}}