{"mean":{"confidence_interval":{"confidence_level":0.95,"lower_bound":2872102.265597223,"upper_bound":2972984.818680556},"point_estimate":2909349.1872222233,"standard_error":28271.005037647243},"median":{"confidence_interval":{"confidence_level":0.95,"lower_bound":2857344.9444444445,"upper_bound":2884814.8333333335},"point_estimate":2869201.388888889,"standard_error":5871.7837538385365},"median_abs_dev":{"confidence_interval":{"confidence_level":0.95,"lower_bound":34700.37593394541,"upper_bound":58497.80329437292},"point_estimate":43328.32529743505,"standard_error":6018.621231144484},"slope":null,"std_dev":{"confidence_interval":{"confidence_level":0.95,"lower_bound":50510.004970590366,"upper_bound":477753.9300978107},"point_estimate":283255.4176488831,"standard_error":146416.6528722615}}