{"mean":{"confidence_interval":{"confidence_level":0.95,"lower_bound":-0.007960532279370502,"upper_bound":0.009394715263878053},"point_estimate":0.0012283357579667697,"standard_error":0.004365077142737566},"median":{"confidence_interval":{"confidence_level":0.95,"lower_bound":-0.006686107130323027,"upper_bound":0.0035776236559099672},"point_estimate":-0.0009858475111941267,"standard_error":0.0026497248430129173}}