{"mean":{"confidence_interval":{"confidence_level":0.95,"lower_bound":0.010540597451870002,"upper_bound":0.021005097885978125},"point_estimate":0.015729303933537997,"standard_error":0.002674297200766568},"median":{"confidence_interval":{"confidence_level":0.95,"lower_bound":0.011370394424953245,"upper_bound":0.020062216850144532},"point_estimate":0.01674656735878144,"standard_error":0.0022581307070346957}}