{"mean":{"confidence_interval":{"confidence_level":0.95,"lower_bound":-0.0322406724447281,"upper_bound":-0.02433201647146033},"point_estimate":-0.02838490895908674,"standard_error":0.002012032341807505},"median":{"confidence_interval":{"confidence_level":0.95,"lower_bound":-0.03393358680594161,"upper_bound":-0.025937164635467233},"point_estimate":-0.029509807368151786,"standard_error":0.0019961249373095682}}