{"mean":{"confidence_interval":{"confidence_level":0.95,"lower_bound":0.005518707134566932,"upper_bound":0.015794568848046375},"point_estimate":0.01088538009019957,"standard_error":0.0026167339308453387},"median":{"confidence_interval":{"confidence_level":0.95,"lower_bound":0.007388442110860094,"upper_bound":0.01573939908906774},"point_estimate":0.011460364769373399,"standard_error":0.0021201889551166007}}