{"mean":{"confidence_interval":{"confidence_level":0.95,"lower_bound":0.008445864082428667,"upper_bound":0.018847575084309887},"point_estimate":0.013666521557602396,"standard_error":0.002634175733194743},"median":{"confidence_interval":{"confidence_level":0.95,"lower_bound":0.008251213553379877,"upper_bound":0.0160373526598101},"point_estimate":0.01223955025563872,"standard_error":0.001931669236330157}}